operator,n_meridian,n_theta,n_nodes,degree,order,eigenvalue,continuum_target,dtn_target,relative_error_to_continuum,relative_error_to_dtn,relative_residual_to_continuum,batch_apply_ms,dense_matrix_stored
inverse_square_control,8,16,128,1,0,0.9874158813182464,1.0,1.0,0.012584118681753576,0.012584118681753576,0.012591579852526616,1.2656659964704886,False
inverse_square_control,8,16,128,1,1,1.0017046473713846,1.0,1.0,0.0017046473713846488,0.0017046473713846488,0.030175048883777006,1.2656659964704886,False
inverse_square_control,8,16,128,2,0,1.4611676207614432,1.5,2.0,0.025888252825704505,0.2694161896192784,0.029604494402656206,1.2656659964704886,False
inverse_square_control,8,16,128,2,1,1.4934446986581469,1.5,2.0,0.004370200894568743,0.25327765067092656,0.042037107381822265,1.2656659964704886,False
inverse_square_control,8,16,128,2,2,1.478718880731967,1.5,2.0,0.014187412845355407,0.26064055963401656,0.020680484326900315,1.2656659964704886,False
inverse_square_control,8,16,128,3,0,1.7550352133663614,1.8333333333333333,3.0,0.04270806543653012,0.4149882622112129,0.0447669158149886,1.2656659964704886,False
inverse_square_control,8,16,128,3,1,1.8077178406676278,1.8333333333333333,3.0,0.013972086908566642,0.39742738644412406,0.05616159084124342,1.2656659964704886,False
inverse_square_control,8,16,128,3,2,1.794782778788329,1.8333333333333333,3.0,0.02102757520636594,0.4017390737372237,0.033702457592248436,1.2656659964704886,False
inverse_square_control,8,16,128,3,3,1.7782017787628819,1.8333333333333333,3.0,0.030071757038428026,0.40726607374570606,0.03257252155834227,1.2656659964704886,False
inverse_square_control,8,16,128,4,0,1.9503921446063657,2.0833333333333335,4.0,0.06381177058894455,0.5124019638484085,0.06792871503374014,1.2656659964704886,False
inverse_square_control,8,16,128,4,1,2.0288573801652325,2.0833333333333335,4.0,0.02614845752068845,0.49278565495869187,0.07184400045150363,1.2656659964704886,False
inverse_square_control,8,16,128,4,2,2.01521572497245,2.0833333333333335,4.0,0.03269645201322405,0.4961960687568875,0.051387989175966875,1.2656659964704886,False
inverse_square_control,8,16,128,4,3,2.0067296048914676,2.0833333333333335,4.0,0.03676978965209564,0.4983175987771331,0.04309340802313234,1.2656659964704886,False
inverse_square_control,8,16,128,4,4,1.981544314657643,2.0833333333333335,4.0,0.04885872896433142,0.5046139213355892,0.050244097827366704,1.2656659964704886,False
inverse_square_control,8,16,128,5,0,2.080429538112583,2.283333333333333,5.0,0.08886297600908769,0.5839140923774834,0.091923617252275,1.2656659964704886,False
inverse_square_control,8,16,128,5,1,2.1915122505295357,2.283333333333333,5.0,0.04021361290677264,0.5616975498940928,0.0888794039821945,1.2656659964704886,False
inverse_square_control,8,16,128,5,2,2.171735483688316,2.283333333333333,5.0,0.04887497064745278,0.5656529032623367,0.07369448702523494,1.2656659964704886,False
inverse_square_control,8,16,128,5,3,2.1749978350908803,2.283333333333333,5.0,0.0474462036098334,0.5650004329818239,0.058254219346691526,1.2656659964704886,False
inverse_square_control,8,16,128,5,4,2.1568758741659235,2.283333333333333,5.0,0.0553828288324422,0.5686248251668153,0.05947572552583135,1.2656659964704886,False
inverse_square_control,8,16,128,5,5,2.1212297311083272,2.283333333333333,5.0,0.07099427834671795,0.5757540537783346,0.07182000012750002,1.2656659964704886,False
inverse_square_control,8,16,128,6,0,2.1572346836731033,2.45,6.0,0.11949604748036605,0.6404608860544828,0.12396311506833832,1.2656659964704886,False
inverse_square_control,8,16,128,6,1,2.3223194140530703,2.45,6.0,0.052114524876297905,0.6129467643244882,0.10452695599307912,1.2656659964704886,False
inverse_square_control,8,16,128,6,2,2.2740277443903327,2.45,6.0,0.07182541045292548,0.6209953759349446,0.10322046654102719,1.2656659964704886,False
inverse_square_control,8,16,128,6,3,2.3022096959862637,2.45,6.0,0.06032257306683122,0.6162983840022894,0.07468696412667239,1.2656659964704886,False
inverse_square_control,8,16,128,6,4,2.288168610455943,2.45,6.0,0.06605362838532951,0.6186385649240095,0.07464494824876682,1.2656659964704886,False
inverse_square_control,8,16,128,6,5,2.262004126568496,2.45,6.0,0.07673300956387932,0.6229993122385841,0.07927948074784592,1.2656659964704886,False
inverse_square_control,8,16,128,6,6,2.21276365440419,2.45,6.0,0.09683116146767753,0.6312060575993016,0.09732139910929004,1.2656659964704886,False
inverse_cube_raw,8,16,128,1,0,0.8720799168701091,1.0,1.0,0.1279200831298909,0.1279200831298909,0.12798412885010654,1.2606250093085691,False
inverse_cube_raw,8,16,128,1,1,0.9211258437310752,1.0,1.0,0.0788741562689248,0.0788741562689248,0.24437267470825408,1.2606250093085691,False
inverse_cube_raw,8,16,128,2,0,1.6146301701305978,2.0,2.0,0.19268491493470108,0.19268491493470108,0.19310005129922228,1.2606250093085691,False
inverse_cube_raw,8,16,128,2,1,1.7759831504682517,2.0,2.0,0.11200842476587414,0.11200842476587414,0.2711550949894393,1.2606250093085691,False
inverse_cube_raw,8,16,128,2,2,1.6880866604056917,2.0,2.0,0.15595666979715417,0.15595666979715417,0.17965368763303988,1.2606250093085691,False
inverse_cube_raw,8,16,128,3,0,2.2326486769727683,3.0,3.0,0.25578377434241056,0.25578377434241056,0.256305604002566,1.2606250093085691,False
inverse_cube_raw,8,16,128,3,1,2.54693716038789,3.0,3.0,0.15102094653737005,0.15102094653737005,0.3027104422970324,1.2606250093085691,False
inverse_cube_raw,8,16,128,3,2,2.4404072296332973,3.0,3.0,0.18653092345556757,0.18653092345556757,0.2336870025184479,1.2606250093085691,False
inverse_cube_raw,8,16,128,3,3,2.3410172635381046,3.0,3.0,0.21966091215396513,0.21966091215396513,0.22492472432523877,1.2606250093085691,False
inverse_cube_raw,8,16,128,4,0,2.7235752653959686,4.0,4.0,0.31910618365100785,0.31910618365100785,0.31986427631226466,1.2606250093085691,False
inverse_cube_raw,8,16,128,4,1,3.239578105677994,4.0,4.0,0.19010547358050145,0.19010547358050145,0.33239668101051234,1.2606250093085691,False
inverse_cube_raw,8,16,128,4,2,3.0980829055881616,4.0,4.0,0.2254792736029596,0.2254792736029596,0.2956530287208848,1.2606250093085691,False
inverse_cube_raw,8,16,128,4,3,3.015539876524393,4.0,4.0,0.24611503086890174,0.24611503086890174,0.25900681264479236,1.2606250093085691,False
inverse_cube_raw,8,16,128,4,4,2.8736587005015592,4.0,4.0,0.2815853248746102,0.2815853248746102,0.28388626469330625,1.2606250093085691,False
inverse_cube_raw,8,16,128,5,0,3.089135482350127,5.0,5.0,0.3821729035299746,0.3821729035299746,0.3830049978902972,1.2606250093085691,False
inverse_cube_raw,8,16,128,5,1,3.8657687219148023,5.0,5.0,0.22684625561703955,0.22684625561703955,0.35856117261445997,1.2606250093085691,False
inverse_cube_raw,8,16,128,5,2,3.6530795956265427,5.0,5.0,0.26938408087469146,0.26938408087469146,0.362117462884897,1.2606250093085691,False
inverse_cube_raw,8,16,128,5,3,3.6075651333908123,5.0,5.0,0.2784869733218375,0.2784869733218375,0.30033120479528364,1.2606250093085691,False
inverse_cube_raw,8,16,128,5,4,3.4753716385972218,5.0,5.0,0.30492567228055567,0.30492567228055567,0.3113517490562907,1.2606250093085691,False
inverse_cube_raw,8,16,128,5,5,3.285788402658473,5.0,5.0,0.3428423194683054,0.3428423194683054,0.3439945783399554,1.2606250093085691,False
inverse_cube_raw,8,16,128,6,0,3.320514225560846,6.0,6.0,0.4465809624065256,0.4465809624065256,0.4474960243151034,1.2606250093085691,False
inverse_cube_raw,8,16,128,6,1,4.4917666232384095,6.0,6.0,0.2513722294602651,0.2513722294602651,0.37357359934722234,1.2606250093085691,False
inverse_cube_raw,8,16,128,6,2,4.073147200882714,6.0,6.0,0.3211421331862144,0.3211421331862144,0.43485135647309925,1.2606250093085691,False
inverse_cube_raw,8,16,128,6,3,4.1291374813247,6.0,6.0,0.31181041977921664,0.31181041977921664,0.34224235050900825,1.2606250093085691,False
inverse_cube_raw,8,16,128,6,4,3.9958094225366767,6.0,6.0,0.33403176291055386,0.33403176291055386,0.3466230457427776,1.2606250093085691,False
inverse_cube_raw,8,16,128,6,5,3.824208901581647,6.0,6.0,0.3626318497363921,0.3626318497363921,0.3660365994128419,1.2606250093085691,False
inverse_cube_raw,8,16,128,6,6,3.5770978667672746,6.0,6.0,0.40381702220545423,0.40381702220545423,0.40441047712707295,1.2606250093085691,False
inverse_cube_tangent_repaid,8,16,128,1,0,0.9729595497954304,1.0,1.0,0.027040450204569577,0.027040450204569577,0.03121097983504807,1.658875000430271,False
inverse_cube_tangent_repaid,8,16,128,1,1,1.0092315079949028,1.0,1.0,0.009231507994902799,0.009231507994902799,0.17905561045129487,1.658875000430271,False
inverse_cube_tangent_repaid,8,16,128,2,0,1.8876412973270071,2.0,2.0,0.05617935133649643,0.05617935133649643,0.06171179928801782,1.658875000430271,False
inverse_cube_tangent_repaid,8,16,128,2,1,2.0269209522935947,2.0,2.0,0.013460476146797351,0.013460476146797351,0.19594729857810625,1.658875000430271,False
inverse_cube_tangent_repaid,8,16,128,2,2,1.9705096906074278,2.0,2.0,0.014745154696286122,0.014745154696286122,0.061358168882129235,1.658875000430271,False
inverse_cube_tangent_repaid,8,16,128,3,0,2.7227600864419825,3.0,3.0,0.09241330451933916,0.09241330451933916,0.09856925648285089,1.658875000430271,False
inverse_cube_tangent_repaid,8,16,128,3,1,3.018496476654458,3.0,3.0,0.006165492218152657,0.006165492218152657,0.21320125592491748,1.658875000430271,False
inverse_cube_tangent_repaid,8,16,128,3,2,2.9555586794460447,3.0,3.0,0.01481377351798511,0.01481377351798511,0.10439039879843814,1.658875000430271,False
inverse_cube_tangent_repaid,8,16,128,3,3,2.892039241997578,3.0,3.0,0.035986919334140666,0.035986919334140666,0.043406621467041905,1.658875000430271,False
inverse_cube_tangent_repaid,8,16,128,4,0,3.4423314733057055,4.0,4.0,0.1394171316735736,0.1394171316735736,0.1459848681835476,1.658875000430271,False
inverse_cube_tangent_repaid,8,16,128,4,1,3.959354425249534,4.0,4.0,0.010161393687616482,0.010161393687616482,0.2277680280589927,1.658875000430271,False
inverse_cube_tangent_repaid,8,16,128,4,2,3.8830945873822387,4.0,4.0,0.029226353154440332,0.029226353154440332,0.15477023571031165,1.658875000430271,False
inverse_cube_tangent_repaid,8,16,128,4,3,3.863132103546062,4.0,4.0,0.034216974113484455,0.034216974113484455,0.06022305708811357,1.658875000430271,False
inverse_cube_tangent_repaid,8,16,128,4,4,3.731107757653586,4.0,4.0,0.06722306058660354,0.06722306058660354,0.06885258698290542,1.658875000430271,False
inverse_cube_tangent_repaid,8,16,128,5,0,4.0105935897022995,5.0,5.0,0.1978812820595401,0.1978812820595401,0.2038898482826371,1.658875000430271,False
inverse_cube_tangent_repaid,8,16,128,5,1,4.828714708690835,5.0,5.0,0.034257058261833076,0.034257058261833076,0.2399837322409623,1.658875000430271,False
inverse_cube_tangent_repaid,8,16,128,5,2,4.709917988927527,5.0,5.0,0.058016402214494535,0.058016402214494535,0.21465810072405447,1.658875000430271,False
inverse_cube_tangent_repaid,8,16,128,5,3,4.766998359389372,5.0,5.0,0.04660032812212567,0.04660032812212567,0.09201868877658166,1.658875000430271,False
inverse_cube_tangent_repaid,8,16,128,5,4,4.685086380575371,5.0,5.0,0.06298272388492573,0.06298272388492573,0.07313211796126723,1.658875000430271,False
inverse_cube_tangent_repaid,8,16,128,5,5,4.4451433319145925,5.0,5.0,0.11097133361708149,0.11097133361708149,0.11125224961303126,1.658875000430271,False
inverse_cube_tangent_repaid,8,16,128,6,0,4.391684069527697,6.0,6.0,0.2680526550787172,0.2680526550787172,0.2728463907339086,1.658875000430271,False
inverse_cube_tangent_repaid,8,16,128,6,1,5.658192196813705,6.0,6.0,0.05696796719771576,0.05696796719771576,0.24732458596507068,1.658875000430271,False
inverse_cube_tangent_repaid,8,16,128,6,2,5.368947592889155,6.0,6.0,0.10517540118514083,0.10517540118514083,0.28685116926341947,1.658875000430271,False
inverse_cube_tangent_repaid,8,16,128,6,3,5.57784566698871,6.0,6.0,0.0703590555018816,0.0703590555018816,0.1308991328875431,1.658875000430271,False
inverse_cube_tangent_repaid,8,16,128,6,4,5.551005498145531,6.0,6.0,0.07483241697574483,0.07483241697574483,0.10119789376689607,1.658875000430271,False
inverse_cube_tangent_repaid,8,16,128,6,5,5.381529360629279,6.0,6.0,0.10307843989512018,0.10307843989512018,0.10633188311765188,1.658875000430271,False
inverse_cube_tangent_repaid,8,16,128,6,6,4.9920130309173585,6.0,6.0,0.16799782818044026,0.16799782818044026,0.16802846363432158,1.658875000430271,False
inverse_square_control,16,32,512,1,0,0.9968674745887777,1.0,1.0,0.003132525411222331,0.003132525411222331,0.0031350085337512558,7.448666990967467,False
inverse_square_control,16,32,512,1,1,1.0003756828164898,1.0,1.0,0.0003756828164898085,0.0003756828164898085,0.008994806583347576,7.448666990967467,False
inverse_square_control,16,32,512,2,0,1.4904230223508907,1.5,2.0,0.006384651766072835,0.2547884888245546,0.007326997432572746,7.448666990967467,False
inverse_square_control,16,32,512,2,1,1.4981111289538904,1.5,2.0,0.00125924736407305,0.2509444355230548,0.01279723024171208,7.448666990967467,False
inverse_square_control,16,32,512,2,2,1.4946851286933136,1.5,2.0,0.0035432475377909314,0.2526574356533432,0.0053086191286298495,7.448666990967467,False
inverse_square_control,16,32,512,3,0,1.8141851317941502,1.8333333333333333,3.0,0.010444473566827126,0.39527162273528327,0.010984645028764364,7.448666990967467,False
inverse_square_control,16,32,512,3,1,1.8262065903730333,1.8333333333333333,3.0,0.0038873143419817717,0.39126446987565555,0.017265637765291733,7.448666990967467,False
inverse_square_control,16,32,512,3,2,1.823685556717088,1.8333333333333333,3.0,0.005262423608861058,0.39210481442763734,0.008667006373011772,7.448666990967467,False
inverse_square_control,16,32,512,3,3,1.8195428205605295,1.8333333333333333,3.0,0.007522097876074769,0.3934857264798235,0.008255693656201319,7.448666990967467,False
inverse_square_control,16,32,512,4,0,2.0512715215926116,2.0833333333333335,4.0,0.015389669635546496,0.4871821196018471,0.01643574623761148,7.448666990967467,False
inverse_square_control,16,32,512,4,1,2.068066981551962,2.0833333333333335,4.0,0.007327848855058362,0.4829832546120095,0.022241560887837478,7.448666990967467,False
inverse_square_control,16,32,512,4,2,2.0664576465187214,2.0833333333333335,4.0,0.00810032967101378,0.48338558837031964,0.013032572617856331,7.448666990967467,False
inverse_square_control,16,32,512,4,3,2.063763683169721,2.0833333333333335,4.0,0.009393432078533976,0.48405907920756974,0.011232953735440277,7.448666990967467,False
inverse_square_control,16,32,512,4,4,2.0580218134831023,2.0833333333333335,4.0,0.01214952952811096,0.4854945466292244,0.01260257013295868,7.448666990967467,False
inverse_square_control,16,32,512,5,0,2.235021419494141,2.283333333333333,5.0,0.0211585024113251,0.5529957161011718,0.021979526533520248,7.448666990967467,False
inverse_square_control,16,32,512,5,1,2.256918255097299,2.283333333333333,5.0,0.011568647402642704,0.5486163489805402,0.02775213621659048,7.448666990967467,False
inverse_square_control,16,32,512,5,2,2.2563133315708943,2.283333333333333,5.0,0.011833577414206821,0.5487373336858211,0.018190465232663496,7.448666990967467,False
inverse_square_control,16,32,512,5,3,2.2552232311856812,2.283333333333333,5.0,0.012310993641307433,0.5489553537628638,0.015502304995412546,7.448666990967467,False
inverse_square_control,16,32,512,5,4,2.2509743353576153,2.283333333333333,5.0,0.014171823930971366,0.549805132928477,0.015436693940206888,7.448666990967467,False
inverse_square_control,16,32,512,5,5,2.2433662623383337,2.283333333333333,5.0,0.017503826713138475,0.5513267475323332,0.017832314974651067,7.448666990967467,False
inverse_square_control,16,32,512,6,0,2.3819659634594537,2.45,6.0,0.027768994506345516,0.6030056727567578,0.02897301576717049,7.448666990967467,False
inverse_square_control,16,32,512,6,1,2.409384318430079,2.45,6.0,0.01657782921221275,0.5984359469283201,0.033820276494591746,7.448666990967467,False
inverse_square_control,16,32,512,6,2,2.4097621242833385,2.45,6.0,0.016423622741494573,0.5983729792861102,0.024132296818036168,7.448666990967467,False
inverse_square_control,16,32,512,6,3,2.4105786854601465,2.45,6.0,0.016090332465246385,0.5982368857566422,0.020701625241445316,7.448666990967467,False
inverse_square_control,16,32,512,6,4,2.4079156877920513,2.45,6.0,0.01717727028895871,0.5986807187013248,0.019620671880721873,7.448666990967467,False
inverse_square_control,16,32,512,6,5,2.4018621537437896,2.45,6.0,0.019648100512738992,0.5996896410427017,0.02061302158736079,7.448666990967467,False
inverse_square_control,16,32,512,6,6,2.3921596114886503,2.45,6.0,0.023608321841367293,0.6013067314185583,0.023864191117455715,7.448666990967467,False
inverse_cube_raw,16,32,512,1,0,0.9370505966003161,1.0,1.0,0.06294940339968391,0.06294940339968391,0.0629798633832558,7.456457999069244,False
inverse_cube_raw,16,32,512,1,1,0.9570378271394281,1.0,1.0,0.04296217286057191,0.04296217286057191,0.1651583020022373,7.456457999069244,False
inverse_cube_raw,16,32,512,2,0,1.809738955232435,2.0,2.0,0.0951305223837825,0.0951305223837825,0.09521242714272132,7.456457999069244,False
inverse_cube_raw,16,32,512,2,1,1.877289311823015,2.0,2.0,0.061355344088492525,0.061355344088492525,0.1852341371266325,7.456457999069244,False
inverse_cube_raw,16,32,512,2,2,1.8418366355528306,2.0,2.0,0.07908168222358469,0.07908168222358469,0.09118432325670194,7.456457999069244,False
inverse_cube_raw,16,32,512,3,0,2.6204670934589687,3.0,3.0,0.12651096884701044,0.12651096884701044,0.12663252411594625,7.456457999069244,False
inverse_cube_raw,16,32,512,3,1,2.749461937421623,3.0,3.0,0.08351268752612562,0.08351268752612562,0.2085951822628199,7.456457999069244,False
inverse_cube_raw,16,32,512,3,2,2.715261728904457,3.0,3.0,0.09491275703184761,0.09491275703184761,0.11876746080902875,7.456457999069244,False
inverse_cube_raw,16,32,512,3,3,2.6674351628926063,3.0,3.0,0.11085494570246457,0.11085494570246457,0.11394061657280954,7.456457999069244,False
inverse_cube_raw,16,32,512,4,0,3.3680982669026256,4.0,4.0,0.1579754332743436,0.1579754332743436,0.15815363501822066,7.456457999069244,False
inverse_cube_raw,16,32,512,4,1,3.5729114578833814,4.0,4.0,0.10677213552915465,0.10677213552915465,0.2316470386628767,7.456457999069244,False
inverse_cube_raw,16,32,512,4,2,3.5413040441851114,4.0,4.0,0.11467398895372216,0.11467398895372216,0.14973991550827415,7.456457999069244,False
inverse_cube_raw,16,32,512,4,3,3.4980846747907406,4.0,4.0,0.12547883130231485,0.12547883130231485,0.13313260866347063,7.456457999069244,False
inverse_cube_raw,16,32,512,4,4,3.4324972937422547,4.0,4.0,0.14187567656443634,0.14187567656443634,0.14337864699918298,7.456457999069244,False
inverse_cube_raw,16,32,512,5,0,4.052939608356721,5.0,5.0,0.18941207832865584,0.18941207832865584,0.18962773683307324,7.456457999069244,False
inverse_cube_raw,16,32,512,5,1,4.346088255568431,5.0,5.0,0.13078234888631374,0.13078234888631374,0.25420262970396473,7.456457999069244,False
inverse_cube_raw,16,32,512,5,2,4.318707139909062,5.0,5.0,0.1362585720181876,0.1362585720181876,0.181968531896468,7.456457999069244,False
inverse_cube_raw,16,32,512,5,3,4.283374375331975,5.0,5.0,0.14332512493360508,0.14332512493360508,0.15659361778438932,7.456457999069244,False
inverse_cube_raw,16,32,512,5,4,4.221433276643081,5.0,5.0,0.15571334467138379,0.15571334467138379,0.15980647767574205,7.456457999069244,False
inverse_cube_raw,16,32,512,5,5,4.136800876302047,5.0,5.0,0.1726398247395906,0.1726398247395906,0.173554052290833,7.456457999069244,False
inverse_cube_raw,16,32,512,6,0,4.675035923624366,6.0,6.0,0.2208273460626057,0.2208273460626057,0.2210962828969066,7.456457999069244,False
inverse_cube_raw,16,32,512,6,1,5.068517479566817,6.0,6.0,0.15524708673886378,0.15524708673886378,0.27629348269521464,7.456457999069244,False
inverse_cube_raw,16,32,512,6,2,5.045356077845289,6.0,6.0,0.15910732035911845,0.15910732035911845,0.21497904440016843,7.456457999069244,False
inverse_cube_raw,16,32,512,6,3,5.022589539931092,6.0,6.0,0.16290174334481802,0.16290174334481802,0.18224485196523896,7.456457999069244,False
inverse_cube_raw,16,32,512,6,4,4.966414260706779,6.0,6.0,0.17226428988220346,0.17226428988220346,0.1800401960727811,7.456457999069244,False
inverse_cube_raw,16,32,512,6,5,4.885229286806883,6.0,6.0,0.1857951188655195,0.1857951188655195,0.18840049243706194,7.456457999069244,False
inverse_cube_raw,16,32,512,6,6,4.780173655476286,6.0,6.0,0.20330439075395232,0.20330439075395232,0.20392223976805784,7.456457999069244,False
inverse_cube_tangent_repaid,16,32,512,1,0,0.98960330527091,1.0,1.0,0.010396694729089995,0.010396694729089995,0.013819318265542795,8.273790997918695,False
inverse_cube_tangent_repaid,16,32,512,1,1,1.0016994723262647,1.0,1.0,0.0016994723262646616,0.0016994723262646616,0.1331377024817695,8.273790997918695,False
inverse_cube_tangent_repaid,16,32,512,2,0,1.9572957544280267,2.0,2.0,0.021352122785986638,0.021352122785986638,0.02575027135831027,8.273790997918695,False
inverse_cube_tangent_repaid,16,32,512,2,1,2.0081234860723254,2.0,2.0,0.0040617430361626905,0.0040617430361626905,0.14663781635375955,8.273790997918695,False
inverse_cube_tangent_repaid,16,32,512,2,2,1.9889516028538505,2.0,2.0,0.0055241985730747345,0.0055241985730747345,0.031169354835597428,8.273790997918695,False
inverse_cube_tangent_repaid,16,32,512,3,0,2.901140722414343,3.0,3.0,0.032953092528552386,0.032953092528552386,0.03850426893682762,8.273790997918695,False
inverse_cube_tangent_repaid,16,32,512,3,1,3.007776370729301,3.0,3.0,0.002592123576433606,0.002592123576433606,0.16079115754920353,8.273790997918695,False
inverse_cube_tangent_repaid,16,32,512,3,2,2.988859044408454,3.0,3.0,0.0037136518638486806,0.0037136518638486806,0.05087572211198749,8.273790997918695,False
inverse_cube_tangent_repaid,16,32,512,3,3,2.9676193289825914,3.0,3.0,0.010793557005802867,0.010793557005802867,0.017369423426134036,8.273790997918695,False
inverse_cube_tangent_repaid,16,32,512,4,0,3.8153688118864397,4.0,4.0,0.04615779702839007,0.04615779702839007,0.05271464355559941,8.273790997918695,False
inverse_cube_tangent_repaid,16,32,512,4,1,3.9953155365181203,4.0,4.0,0.0011711158704699187,0.0011711158704699187,0.17332481922767695,8.273790997918695,False
inverse_cube_tangent_repaid,16,32,512,4,2,3.978617064403512,4.0,4.0,0.005345733899121963,0.005345733899121963,0.071106560487164,8.273790997918695,False
inverse_cube_tangent_repaid,16,32,512,4,3,3.965086891562181,4.0,4.0,0.008728277109454785,0.008728277109454785,0.026673415622906788,8.273790997918695,False
inverse_cube_tangent_repaid,16,32,512,4,4,3.93090163146586,4.0,4.0,0.017274592133534994,0.017274592133534994,0.01957319506089475,8.273790997918695,False
inverse_cube_tangent_repaid,16,32,512,5,0,4.694198215308041,5.0,5.0,0.061160356938391836,0.061160356938391836,0.06842696834723712,8.273790997918695,False
inverse_cube_tangent_repaid,16,32,512,5,1,4.963021364146328,5.0,5.0,0.007395727170734468,0.007395727170734468,0.1843826599933427,8.273790997918695,False
inverse_cube_tangent_repaid,16,32,512,5,2,4.951874188757735,5.0,5.0,0.009625162248453023,0.009625162248453023,0.0920535496926612,8.273790997918695,False
inverse_cube_tangent_repaid,16,32,512,5,3,4.950469931546997,5.0,5.0,0.009906013690600624,0.009906013690600624,0.03939967985684154,8.273790997918695,False
inverse_cube_tangent_repaid,16,32,512,5,4,4.926001049521264,5.0,5.0,0.014799790095747233,0.014799790095747233,0.023374998556881278,8.273790997918695,False
inverse_cube_tangent_repaid,16,32,512,5,5,4.87156865850375,5.0,5.0,0.02568626829924998,0.02568626829924998,0.026611029644578992,8.273790997918695,False
inverse_cube_tangent_repaid,16,32,512,6,0,5.530216863660391,6.0,6.0,0.07829718938993491,0.07829718938993491,0.08604988457596333,8.273790997918695,False
inverse_cube_tangent_repaid,16,32,512,6,1,5.903208531470659,6.0,6.0,0.01613191142155686,0.01613191142155686,0.19436682574887276,8.273790997918695,False
inverse_cube_tangent_repaid,16,32,512,6,2,5.89967496918665,6.0,6.0,0.016720838468891646,0.016720838468891646,0.11408192005606889,8.273790997918695,False
inverse_cube_tangent_repaid,16,32,512,6,3,5.917074421411041,6.0,6.0,0.013820929764826554,0.013820929764826554,0.05399419037719965,8.273790997918695,False
inverse_cube_tangent_repaid,16,32,512,6,4,5.906444736809159,6.0,6.0,0.01559254386514016,0.01559254386514016,0.032776123210252986,8.273790997918695,False
inverse_cube_tangent_repaid,16,32,512,6,5,5.864045840873146,6.0,6.0,0.022659026521142305,0.022659026521142305,0.02682096241608031,8.273790997918695,False
inverse_cube_tangent_repaid,16,32,512,6,6,5.780996849883012,6.0,6.0,0.036500525019498,0.036500525019498,0.03689348973007751,8.273790997918695,False
inverse_square_control,32,64,2048,1,0,0.9992177346261587,1.0,1.0,0.0007822653738412955,0.0007822653738412955,0.0007829308880776912,50.056916996254586,False
inverse_square_control,32,64,2048,1,1,1.0000908199563443,1.0,1.0,9.081995634430129e-05,9.081995634430129e-05,0.0025616031034344008,50.056916996254586,False
inverse_square_control,32,64,2048,2,0,1.4976138921558808,1.5,2.0,0.0015907385627461264,0.2511930539220596,0.0018270703349855435,50.056916996254586,False
inverse_square_control,32,64,2048,2,1,1.4995132535716442,1.5,2.0,0.00032449761890385176,0.2502433732141779,0.003683487381323861,50.056916996254586,False
inverse_square_control,32,64,2048,2,2,1.4986712707302277,1.5,2.0,0.0008858195131815627,0.25066436463488617,0.001342340124521057,50.056916996254586,False
inverse_square_control,32,64,2048,3,0,1.8285723226283621,1.8333333333333333,3.0,0.002596914929984262,0.39047589245721265,0.002733394568326446,50.056916996254586,False
inverse_square_control,32,64,2048,3,1,1.831513195101869,1.8333333333333333,3.0,0.0009928026717077498,0.3894956016327103,0.004985443211239289,50.056916996254586,False
inverse_square_control,32,64,2048,3,2,1.8309180214240448,1.8333333333333333,3.0,0.0013174428596118837,0.38969399285865175,0.002200869183722364,50.056916996254586,False
inverse_square_control,32,64,2048,3,3,1.8298853841786302,1.8333333333333333,3.0,0.0018806995389289277,0.3900382052737899,0.002071578566706246,50.056916996254586,False
inverse_square_control,32,64,2048,4,0,2.0753875628174097,2.0833333333333335,4.0,0.0038139698476434346,0.4811531092956476,0.004075646619750759,50.056916996254586,False
inverse_square_control,32,64,2048,4,1,2.0794410156565486,2.0833333333333335,4.0,0.0018683124848567444,0.48013974608586285,0.006419241760045814,50.056916996254586,False
inverse_square_control,32,64,2048,4,2,2.0791117609374736,2.0833333333333335,4.0,0.0020263547500127287,0.4802220597656316,0.0033105226921159,50.056916996254586,False
inverse_square_control,32,64,2048,4,3,2.0784160004684797,2.0833333333333335,4.0,0.0023603197751297955,0.48039599988288006,0.0028371987967899313,50.056916996254586,False
inverse_square_control,32,64,2048,4,4,2.0770139085050783,2.0833333333333335,4.0,0.003033323917562498,0.48074652287373043,0.0031543579708505952,50.056916996254586,False
inverse_square_control,32,64,2048,5,0,2.2713993483184742,2.283333333333333,5.0,0.005226562780230212,0.5457201303363052,0.005433537058180092,50.056916996254586,False
inverse_square_control,32,64,2048,5,1,2.276602689451127,2.283333333333333,5.0,0.0029477272476816107,0.5446794621097746,0.007985888219916826,50.056916996254586,False
inverse_square_control,32,64,2048,5,2,2.2765895240439398,2.283333333333333,5.0,0.002953493119442384,0.544682095191212,0.004613053120035819,50.056916996254586,False
inverse_square_control,32,64,2048,5,3,2.276250959790306,2.283333333333333,5.0,0.0031017694349024278,0.5447498080419388,0.003927489620574597,50.056916996254586,False
inverse_square_control,32,64,2048,5,4,2.2751947274299993,2.283333333333333,5.0,0.0035643529503652242,0.5449610545140001,0.0038990083202607557,50.056916996254586,False
inverse_square_control,32,64,2048,5,5,2.273376945085518,2.283333333333333,5.0,0.004360462006342373,0.5453246109828964,0.004451812549876202,50.056916996254586,False
inverse_square_control,32,64,2048,6,0,2.433267718769413,2.45,6.0,0.006829502543096738,0.5944553802050978,0.007128687762028434,50.056916996254586,False
inverse_square_control,32,64,2048,6,1,2.439654204569898,2.45,6.0,0.004222773644939705,0.593390965905017,0.00968832888030411,50.056916996254586,False
inverse_square_control,32,64,2048,6,2,2.439991778596476,2.45,6.0,0.004084988327968969,0.5933347035672539,0.00610009888186046,50.056916996254586,False
inverse_square_control,32,64,2048,6,3,2.4400592936491035,2.45,6.0,0.0040574311636313145,0.5933234510584827,0.005249705668435449,50.056916996254586,False
inverse_square_control,32,64,2048,6,4,2.439360850135873,2.45,6.0,0.004342510148623336,0.5934398583106878,0.004983953561532087,50.056916996254586,False
inverse_square_control,32,64,2048,6,5,2.437892732184975,2.45,6.0,0.004941741965316382,0.5936845446358375,0.0052062134869156965,50.056916996254586,False
inverse_square_control,32,64,2048,6,6,2.435633262868815,2.45,6.0,0.005863974339259307,0.5940611228551975,0.005938980712085802,50.056916996254586,False
inverse_cube_raw,32,64,2048,1,0,0.9688443129800228,1.0,1.0,0.031155687019977174,0.031155687019977174,0.031167814001676904,50.05849999724887,False
inverse_cube_raw,32,64,2048,1,1,0.9776591305988387,1.0,1.0,0.022340869401161312,0.022340869401161312,0.10562932392297177,50.05849999724887,False
inverse_cube_raw,32,64,2048,2,0,1.9057334590019912,2.0,2.0,0.0471332704990044,0.0471332704990044,0.04715049600615822,50.05849999724887,False
inverse_cube_raw,32,64,2048,2,1,1.9361671684646031,2.0,2.0,0.031916415767698436,0.031916415767698436,0.11858725867937482,50.05849999724887,False
inverse_cube_raw,32,64,2048,2,2,1.9203932550920442,2.0,2.0,0.039803372453977914,0.039803372453977914,0.045808545775589654,50.05849999724887,False
inverse_cube_raw,32,64,2048,3,0,2.8117940036618756,3.0,3.0,0.06273533211270814,0.06273533211270814,0.06276240055660692,50.05849999724887,False
inverse_cube_raw,32,64,2048,3,1,2.869589814467298,3.0,3.0,0.043470061844234,0.043470061844234,0.13338795242230192,50.05849999724887,False
inverse_cube_raw,32,64,2048,3,2,2.856472504655359,3.0,3.0,0.04784249844821368,0.04784249844821368,0.059667253538810736,50.05849999724887,False
inverse_cube_raw,32,64,2048,3,3,2.8331332255306125,3.0,3.0,0.05562225815646249,0.05562225815646249,0.05721587236918048,50.05849999724887,False
inverse_cube_raw,32,64,2048,4,0,3.6864145865275777,4.0,4.0,0.07839635336810558,0.07839635336810558,0.07843462886950103,50.05849999724887,False
inverse_cube_raw,32,64,2048,4,1,3.777405751883819,4.0,4.0,0.05564856202904522,0.05564856202904522,0.1478772782507395,50.05849999724887,False
inverse_cube_raw,32,64,2048,4,2,3.7686116517020425,4.0,4.0,0.05784708707448938,0.05784708707448938,0.07519601941937308,50.05849999724887,False
inverse_cube_raw,32,64,2048,4,3,3.74750442041827,4.0,4.0,0.06312389489543246,0.06312389489543246,0.06708510455987267,50.05849999724887,False
inverse_cube_raw,32,64,2048,4,4,3.71552626982943,4.0,4.0,0.0711184325426425,0.0711184325426425,0.0719184818530332,50.05849999724887,False
inverse_cube_raw,32,64,2048,5,0,4.529736316157595,5.0,5.0,0.094052736768481,0.094052736768481,0.09410021857400712,50.05849999724887,False
inverse_cube_raw,32,64,2048,5,1,4.658575822911125,5.0,5.0,0.06828483541777501,0.06828483541777501,0.16194563009251947,50.05849999724887,False
inverse_cube_raw,32,64,2048,5,2,4.656230447996712,5.0,5.0,0.06875391040065768,0.06875391040065768,0.09130355258271575,50.05849999724887,False
inverse_cube_raw,32,64,2048,5,3,4.638746510735193,5.0,5.0,0.07225069785296138,0.07225069785296138,0.07913609871697501,50.05849999724887,False
inverse_cube_raw,32,64,2048,5,4,4.6083400718205825,5.0,5.0,0.0783319856358835,0.0783319856358835,0.08050358501749585,50.05849999724887,False
inverse_cube_raw,32,64,2048,5,5,4.567504634933097,5.0,5.0,0.08649907301338064,0.08649907301338064,0.08700708288559149,50.05849999724887,False
inverse_cube_raw,32,64,2048,6,0,5.341821592151735,6.0,6.0,0.10969640130804414,0.10969640130804414,0.10975595137891943,50.05849999724887,False
inverse_cube_raw,32,64,2048,6,1,5.512521779716439,6.0,6.0,0.0812463700472601,0.0812463700472601,0.17565300232077638,50.05849999724887,False
inverse_cube_raw,32,64,2048,6,2,5.518371001017325,6.0,6.0,0.08027149983044583,0.08027149983044583,0.10772696667455488,50.05849999724887,False
inverse_cube_raw,32,64,2048,6,3,5.506411438672087,6.0,6.0,0.08226476022131883,0.08226476022131883,0.09233624697512947,50.05849999724887,False
inverse_cube_raw,32,64,2048,6,4,5.478528051156204,6.0,6.0,0.08691199147396607,0.08691199147396607,0.09102776402287788,50.05849999724887,False
inverse_cube_raw,32,64,2048,6,5,5.438920932515245,6.0,6.0,0.09351317791412583,0.09351317791412583,0.09495040345746239,50.05849999724887,False
inverse_cube_raw,32,64,2048,6,6,5.389028789021282,6.0,6.0,0.1018285351631197,0.1018285351631197,0.10219107430592639,50.05849999724887,False
inverse_cube_tangent_repaid,32,64,2048,1,0,0.9953895315186447,1.0,1.0,0.004610468481355268,0.004610468481355268,0.0065758651667241754,51.67299999448005,False
inverse_cube_tangent_repaid,32,64,2048,1,1,1.0000415722570182,1.0,1.0,4.157225701817424e-05,4.157225701817424e-05,0.09170739597005927,51.67299999448005,False
inverse_cube_tangent_repaid,32,64,2048,2,0,1.9809337823402644,2.0,2.0,0.009533108829867798,0.009533108829867798,0.01211895306466354,51.67299999448005,False
inverse_cube_tangent_repaid,32,64,2048,2,1,2.002156784558537,2.0,2.0,0.0010783922792685363,0.0010783922792685363,0.10165407448992707,51.67299999448005,False
inverse_cube_tangent_repaid,32,64,2048,2,2,1.9947054211156032,2.0,2.0,0.002647289442198386,0.002647289442198386,0.015711853935814046,51.67299999448005,False
inverse_cube_tangent_repaid,32,64,2048,3,0,2.9567861677004417,3.0,3.0,0.014404610766519443,0.014404610766519443,0.01782115493715384,51.67299999448005,False
inverse_cube_tangent_repaid,32,64,2048,3,1,3.001450519425043,3.0,3.0,0.0004835064750143836,0.0004835064750143836,0.11226693627106732,51.67299999448005,False
inverse_cube_tangent_repaid,32,64,2048,3,2,2.995351808858721,3.0,3.0,0.0015493970470929301,0.0015493970470929301,0.025449063610354625,51.67299999448005,False
inverse_cube_tangent_repaid,32,64,2048,3,3,2.986447577595127,3.0,3.0,0.004517474134957696,0.004517474134957696,0.00834852757017134,51.67299999448005,False
inverse_cube_tangent_repaid,32,64,2048,4,0,3.9218266293872643,4.0,4.0,0.019543342653183915,0.019543342653183915,0.023796241386612415,51.67299999448005,False
inverse_cube_tangent_repaid,32,64,2048,4,1,3.996773836757465,4.0,4.0,0.0008065408106338046,0.0008065408106338046,0.12191347470326126,51.67299999448005,False
inverse_cube_tangent_repaid,32,64,2048,4,2,3.9932719059856905,4.0,4.0,0.001682023503577379,0.001682023503577379,0.035161153800129054,51.67299999448005,False
inverse_cube_tangent_repaid,32,64,2048,4,3,3.9867086559861233,4.0,4.0,0.003322836003469165,0.003322836003469165,0.01316595547790451,51.67299999448005,False
inverse_cube_tangent_repaid,32,64,2048,4,4,3.9741297585956286,4.0,4.0,0.00646756035109286,0.00646756035109286,0.008108190906397547,51.67299999448005,False
inverse_cube_tangent_repaid,32,64,2048,5,0,4.875501231525859,5.0,5.0,0.02489975369482824,0.02489975369482824,0.02996946557861686,51.67299999448005,False
inverse_cube_tangent_repaid,32,64,2048,5,1,4.986196443480124,5.0,5.0,0.0027607113039751496,0.0027607113039751496,0.13057378164243907,51.67299999448005,False
inverse_cube_tangent_repaid,32,64,2048,5,2,4.987467282028225,5.0,5.0,0.0025065435943549376,0.0025065435943549376,0.044844463077505774,51.67299999448005,False
inverse_cube_tangent_repaid,32,64,2048,5,3,4.984212981854863,5.0,5.0,0.0031574036290274777,0.0031574036290274777,0.019188752172980102,51.67299999448005,False
inverse_cube_tangent_repaid,32,64,2048,5,4,4.974131036074406,5.0,5.0,0.005173792785118714,0.005173792785118714,0.010510456672944833,51.67299999448005,False
inverse_cube_tangent_repaid,32,64,2048,5,5,4.956737878293657,5.0,5.0,0.008652424341268627,0.008652424341268627,0.009510037949767569,51.67299999448005,False
inverse_cube_tangent_repaid,32,64,2048,6,0,5.81692151021208,6.0,6.0,0.030513081631319938,0.030513081631319938,0.03636024932205756,51.67299999448005,False
inverse_cube_tangent_repaid,32,64,2048,6,1,5.96807861478041,6.0,6.0,0.005320230869931682,0.005320230869931682,0.13839101484564886,51.67299999448005,False
inverse_cube_tangent_repaid,32,64,2048,6,2,5.976126222241,6.0,6.0,0.0039789629598333915,0.0039789629598333915,0.05454743131865495,51.67299999448005,False
inverse_cube_tangent_repaid,32,64,2048,6,3,5.978034344729628,6.0,6.0,0.003660942545061996,0.003660942545061996,0.0257089069672371,51.67299999448005,False
inverse_cube_tangent_repaid,32,64,2048,6,4,5.971136441125555,6.0,6.0,0.004810593145740801,0.004810593145740801,0.014831506776195956,51.67299999448005,False
inverse_cube_tangent_repaid,32,64,2048,6,5,5.956491160362589,6.0,6.0,0.007251473272901876,0.007251473272901876,0.010408596513057604,51.67299999448005,False
inverse_cube_tangent_repaid,32,64,2048,6,6,5.9330547251756345,6.0,6.0,0.01115754580406092,0.01115754580406092,0.011662214078770685,51.67299999448005,False
inverse_square_control,64,128,8192,1,0,0.9998044881362226,1.0,1.0,0.00019551186377742003,0.00019551186377742003,0.0001956811564082766,366.2411249970319,False
inverse_square_control,64,128,8192,1,1,1.000022511992301,1.0,1.0,2.2511992300966455e-05,2.2511992300966455e-05,0.0007101729091768051,366.2411249970319,False
inverse_square_control,64,128,8192,2,0,1.49940398080046,1.5,2.0,0.0003973461330266659,0.25029800959977,0.00045647448649830286,366.2411249970319,False
inverse_square_control,64,128,8192,2,1,1.4998774207487704,1.5,2.0,8.171950081973615e-05,0.2500612896256148,0.0010281208296588852,366.2411249970319,False
inverse_square_control,64,128,8192,2,2,1.499667811819198,1.5,2.0,0.00022145878720136736,0.250166094090401,0.00033694426862471296,366.2411249970319,False
inverse_square_control,64,128,8192,3,0,1.8321447007117622,1.8333333333333333,3.0,0.0006483450663115065,0.38928509976274595,0.0006825527258005841,366.2411249970319,False
inverse_square_control,64,128,8192,3,1,1.8328759806334924,1.8333333333333333,3.0,0.00024946510900408276,0.38904133978883587,0.0013943890186483522,366.2411249970319,False
inverse_square_control,64,128,8192,3,2,1.8327292588396487,1.8333333333333333,3.0,0.00032949517837341995,0.38909024705345047,0.0005535033654974149,366.2411249970319,False
inverse_square_control,64,128,8192,3,3,1.8324713272870312,1.8333333333333333,3.0,0.0004701851161647513,0.38917622423765624,0.0005183961078724811,366.2411249970319,False
inverse_square_control,64,128,8192,4,0,2.0813511951990002,2.0833333333333335,4.0,0.000951426304479952,0.47966220120024994,0.0010168463350221139,366.2411249970319,False
inverse_square_control,64,128,8192,4,1,2.0823558216576603,2.0833333333333335,4.0,0.0004692056043231218,0.4794110445855849,0.001795072772378157,366.2411249970319,False
inverse_square_control,64,128,8192,4,2,2.082277636058054,2.0833333333333335,4.0,0.0005067346921340742,0.47943059098548646,0.000833184731033224,366.2411249970319,False
inverse_square_control,64,128,8192,4,3,2.0821024484637305,2.0833333333333335,4.0,0.0005908247374094344,0.4794743878840674,0.00071118309635994,366.2411249970319,False
inverse_square_control,64,128,8192,4,4,2.0817540061754247,2.0833333333333335,4.0,0.0007580770357962052,0.4795614984561438,0.0007888411996236093,366.2411249970319,False
inverse_square_control,64,128,8192,5,0,2.280358679393743,2.283333333333333,5.0,0.0013027681487255765,0.5439282641212514,0.0013546019922688424,366.2411249970319,False
inverse_square_control,64,128,8192,5,1,2.281643568992248,2.283333333333333,5.0,0.000740042777117678,0.5436712862015505,0.002229291102320827,366.2411249970319,False
inverse_square_control,64,128,8192,5,2,2.2816476738540654,2.283333333333333,5.0,0.000738245027416554,0.5436704652291869,0.0011612554593174215,366.2411249970319,False
inverse_square_control,64,128,8192,5,3,2.28155935876049,2.283333333333333,5.0,0.0007769231705883241,0.543688128247902,0.0009852581106491911,366.2411249970319,False
inverse_square_control,64,128,8192,5,4,2.2812956076801094,2.283333333333333,5.0,0.0008924345926527586,0.5437408784639781,0.0009773030615764424,366.2411249970319,False
inverse_square_control,64,128,8192,5,5,2.280846453692833,2.283333333333333,5.0,0.00108914436810228,0.5438307092614334,0.0011125885708973126,366.2411249970319,False
inverse_square_control,64,128,8192,6,0,2.4458337332398323,2.45,6.0,0.0017005170449664682,0.5923610444600279,0.0017751647714975265,366.2411249970319,False
inverse_square_control,64,128,8192,6,1,2.4474034941887064,2.45,6.0,0.0010597982903239923,0.5920994176352156,0.002697101572823644,366.2411249970319,False
inverse_square_control,64,128,8192,6,2,2.4475001275123924,2.45,6.0,0.0010203561173909167,0.592083312081268,0.0015353636477376282,366.2411249970319,False
inverse_square_control,64,128,8192,6,3,2.447509681593099,2.45,6.0,0.0010164564926127227,0.5920817197344835,0.0013172661110287165,366.2411249970319,False
inverse_square_control,64,128,8192,6,4,2.4473327948888044,2.45,6.0,0.0010886551474268492,0.592111200851866,0.0012510350028021322,366.2411249970319,False
inverse_square_control,64,128,8192,6,5,2.446968586064432,2.45,6.0,0.001237311810435939,0.5921719023225946,0.0013049502912595788,366.2411249970319,False
inverse_square_control,64,128,8192,6,6,2.4464141742114927,2.45,6.0,0.0014636023626561322,0.5922643042980845,0.0014830928790786273,366.2411249970319,False
inverse_cube_raw,64,128,8192,1,0,0.984511647622756,1.0,1.0,0.015488352377243997,0.015488352377243997,0.015493310743327727,371.55879101192113,False
inverse_cube_raw,64,128,8192,1,1,0.9886190721537529,1.0,1.0,0.011380927846247113,0.011380927846247113,0.06520242256379438,371.55879101192113,False
inverse_cube_raw,64,128,8192,2,0,1.953127135010911,2.0,2.0,0.023436432494544523,0.023436432494544523,0.02344077075603425,371.55879101192113,False
inverse_cube_raw,64,128,8192,2,1,1.9674906611413898,2.0,2.0,0.01625466942930509,0.01625466942930509,0.0731514029232367,371.55879101192113,False
inverse_cube_raw,64,128,8192,2,2,1.9600723684899894,2.0,2.0,0.019963815755005276,0.019963815755005276,0.022933721828952522,371.55879101192113,False
inverse_cube_raw,64,128,8192,3,0,2.90639315210228,3.0,3.0,0.031202282632573297,0.031202282632573297,0.031208838780280038,371.55879101192113,False
inverse_cube_raw,64,128,8192,3,1,2.9335988598501594,3.0,3.0,0.022133713383280185,0.022133713383280185,0.08211701287282981,371.55879101192113,False
inverse_cube_raw,64,128,8192,3,2,2.9279759709605537,3.0,3.0,0.024008009679815423,0.024008009679815423,0.02985554032655242,371.55879101192113,False
inverse_cube_raw,64,128,8192,3,3,2.91644440718995,3.0,3.0,0.027851864270016662,0.027851864270016662,0.028652069646534,371.55879101192113,False
inverse_cube_raw,64,128,8192,4,0,3.843990663323327,4.0,4.0,0.03900233416916821,0.03900233416916821,0.039011005472089695,371.55879101192113,False
inverse_cube_raw,64,128,8192,4,1,3.8866619020475146,4.0,4.0,0.02833452448812135,0.02833452448812135,0.09081703551347627,371.55879101192113,False
inverse_cube_raw,64,128,8192,4,2,3.883854105704557,4.0,4.0,0.029036473573860744,0.029036473573860744,0.03761275306088174,371.55879101192113,False
inverse_cube_raw,64,128,8192,4,3,3.87347958171716,4.0,4.0,0.03163010457071003,0.03163010457071003,0.03362006340012786,371.55879101192113,False
inverse_cube_raw,64,128,8192,4,4,3.857627699723642,4.0,4.0,0.035593075069089486,0.035593075069089486,0.035998560824288366,371.55879101192113,False
inverse_cube_raw,64,128,8192,5,0,4.765981422349711,5.0,5.0,0.04680371553005784,0.04680371553005784,0.04681434992605586,371.55879101192113,False
inverse_cube_raw,64,128,8192,5,1,4.826135910859418,5.0,5.0,0.034772817828116406,0.034772817828116406,0.09918347421857224,371.55879101192113,False
inverse_cube_raw,64,128,8192,5,2,4.827416026079849,5.0,5.0,0.034516794784030226,0.034516794784030226,0.045657183212676894,371.55879101192113,False
inverse_cube_raw,64,128,8192,5,3,4.818886817291046,5.0,5.0,0.03622263654179072,0.03622263654179072,0.03968351083133178,371.55879101192113,False
inverse_cube_raw,64,128,8192,5,4,4.803804502773504,5.0,5.0,0.03923909944529917,0.03923909944529917,0.04033894411523087,371.55879101192113,False
inverse_cube_raw,64,128,8192,5,5,4.78359845596918,5.0,5.0,0.04328030880616396,0.04328030880616396,0.04354067374805948,371.55879101192113,False
inverse_cube_raw,64,128,8192,6,0,5.672392977175017,6.0,6.0,0.05460117047083054,0.05460117047083054,0.05461428938090364,371.55879101192113,False
inverse_cube_raw,64,128,8192,6,1,5.751704949323219,6.0,6.0,0.04138250844613012,0.04138250844613012,0.10726074459954102,371.55879101192113,False
inverse_cube_raw,64,128,8192,6,2,5.758184457396101,6.0,6.0,0.0403025904339831,0.0403025904339831,0.05385526082757212,371.55879101192113,False
inverse_cube_raw,64,128,8192,6,3,5.752433238205142,6.0,6.0,0.04126112696580971,0.04126112696580971,0.04632673078831455,371.55879101192113,False
inverse_cube_raw,64,128,8192,6,4,5.738581808785687,6.0,6.0,0.04356969853571879,0.04356969853571879,0.04565325107931349,371.55879101192113,False
inverse_cube_raw,64,128,8192,6,5,5.718935853820625,6.0,6.0,0.046844024363229174,0.046844024363229174,0.0475794024071224,371.55879101192113,False
inverse_cube_raw,64,128,8192,6,6,5.6943451936607,6.0,6.0,0.050942467723216645,0.050942467723216645,0.05113077827267168,371.55879101192113,False
inverse_cube_tangent_repaid,64,128,8192,1,0,0.997818018102829,1.0,1.0,0.0021819818971710037,0.0021819818971710037,0.003189540471965844,370.0420419918373,False
inverse_cube_tangent_repaid,64,128,8192,1,1,0.9998143071177852,1.0,1.0,0.00018569288221481628,0.00018569288221481628,0.0593637998887006,370.0420419918373,False
inverse_cube_tangent_repaid,64,128,8192,2,0,1.9909063835428298,2.0,2.0,0.004546808228585109,0.004546808228585109,0.005877503120165388,370.0420419918373,False
inverse_cube_tangent_repaid,64,128,8192,2,1,2.0005454228687256,2.0,2.0,0.00027271143436280454,0.00027271143436280454,0.06603659772162225,370.0420419918373,False
inverse_cube_tangent_repaid,64,128,8192,2,2,1.9973233329976203,2.0,2.0,0.0013383335011898367,0.0013383335011898367,0.007846144516544527,370.0420419918373,False
inverse_cube_tangent_repaid,64,128,8192,3,0,2.979478012795908,3.0,3.0,0.0068406624013639394,0.0068406624013639394,0.008612665124647914,370.0420419918373,False
inverse_cube_tangent_repaid,64,128,8192,3,1,2.999839031628299,3.0,3.0,5.3656123900402974e-05,5.3656123900402974e-05,0.07323451748825716,370.0420419918373,False
inverse_cube_tangent_repaid,64,128,8192,3,2,2.9976783427801137,3.0,3.0,0.0007738857399621027,0.0007738857399621027,0.0126854129809184,370.0420419918373,False
inverse_cube_tangent_repaid,64,128,8192,3,3,2.9935088013329545,3.0,3.0,0.0021637328890151686,0.0021637328890151686,0.004140437756663477,370.0420419918373,False
inverse_cube_tangent_repaid,64,128,8192,4,0,3.963195439769973,4.0,4.0,0.009201140057506718,0.009201140057506718,0.01143898220751075,370.0420419918373,False
inverse_cube_tangent_repaid,64,128,8192,4,1,3.997323977895582,4.0,4.0,0.0006690055261044936,0.0006690055261044936,0.0798875968146242,370.0420419918373,False
inverse_cube_tangent_repaid,64,128,8192,4,2,3.99694849806765,4.0,4.0,0.0007628754830875106,0.0007628754830875106,0.017487318101800785,370.0420419918373,False
inverse_cube_tangent_repaid,64,128,8192,4,3,3.9938044949095644,4.0,4.0,0.0015488762726089123,0.0015488762726089123,0.006563485988527423,370.0420419918373,False
inverse_cube_tangent_repaid,64,128,8192,4,4,3.9881271567582535,4.0,4.0,0.0029682108104366334,0.0029682108104366334,0.0038676432626034963,370.0420419918373,False
inverse_cube_tangent_repaid,64,128,8192,5,0,4.9420902956476915,5.0,5.0,0.011581940870461693,0.011581940870461693,0.014308162491857332,370.0420419918373,False
inverse_cube_tangent_repaid,64,128,8192,5,1,4.992312929893509,5.0,5.0,0.0015374140212982112,0.0015374140212982112,0.08595970910886438,370.0420419918373,False
inverse_cube_tangent_repaid,64,128,8192,5,2,4.9949200418545425,5.0,5.0,0.001015991629091495,0.001015991629091495,0.022239523438728148,370.0420419918373,False
inverse_cube_tangent_repaid,64,128,8192,5,3,4.993143680029157,5.0,5.0,0.0013712639941685367,0.0013712639941685367,0.009536770705416366,370.0420419918373,False
inverse_cube_tangent_repaid,64,128,8192,5,4,4.988422464637388,5.0,5.0,0.0023155070725223935,0.0023155070725223935,0.005139812636816111,370.0420419918373,False
inverse_cube_tangent_repaid,64,128,8192,5,5,4.981028578819322,5.0,5.0,0.003794284236135681,0.003794284236135681,0.004304572894219998,370.0420419918373,False
inverse_cube_tangent_repaid,64,128,8192,6,0,5.916108422253963,6.0,6.0,0.013981929624339529,0.013981929624339529,0.017207859333881807,370.0420419918373,False
inverse_cube_tangent_repaid,64,128,8192,6,1,5.9843350657025285,6.0,6.0,0.0026108223829119184,0.0026108223829119184,0.09152307326698932,370.0420419918373,False
inverse_cube_tangent_repaid,64,128,8192,6,2,5.99105134475203,6.0,6.0,0.0014914425413283066,0.0014914425413283066,0.026954293357603687,370.0420419918373,False
inverse_cube_tangent_repaid,64,128,8192,6,3,5.991402232551291,6.0,6.0,0.0014329612414514987,0.0014329612414514987,0.012715770123133139,370.0420419918373,False
inverse_cube_tangent_repaid,64,128,8192,6,4,5.9877863410547585,6.0,6.0,0.0020356098242069187,0.0020356098242069187,0.007265677007100389,370.0420419918373,False
inverse_cube_tangent_repaid,64,128,8192,6,5,5.981346358136645,6.0,6.0,0.003108940310559157,0.003108940310559157,0.004890139590134563,370.0420419918373,False
inverse_cube_tangent_repaid,64,128,8192,6,6,5.972049048248245,6.0,6.0,0.004658491958625888,0.004658491958625888,0.004990128528134335,370.0420419918373,False
