shape,family,problem,n_boundary,q_method,fem_method,q_time_big_o,q_storage_big_o,fem_build_big_o,fem_apply_big_o,fem_storage_big_o,q_build_ms,q_apply_ms,q_total_cold_ms,fem_build_ms,fem_apply_ms,fem_total_cold_ms,fem_nodes,fem_triangles,fem_radial_levels,raw_relative_l2_vs_fem,raw_pairwise_l2_disagreement,raw_relative_inf_vs_fem,raw_pairwise_inf_disagreement,best_scalar_real,best_scalar_imag,best_scaled_relative_l2_vs_fem,best_scaled_pairwise_l2_disagreement,best_scaled_relative_inf_vs_fem,best_scaled_pairwise_inf_disagreement,q_output_inf_norm,fem_output_inf_norm,reference_status,fem_is_ground_truth,dense_matrix_stored_by_q,dense_matrix_stored_by_fem_baseline
circle,baseline,laplace_dtn,256,final_production_generated_q_custom_fft_metric_repay,volumetric_p1_radial_fan_schur_dtn,O(n log n),O(n),sparse factorization plus dense boundary eigensolve; roughly O(N_mesh^alpha + n^3),O(n^2),O(N_mesh + n^2),0.000500003807246685,0.3052919637411833,0.30579196754842997,58.49191697780043,0.029082992114126682,58.520999969914556,3073,5888,12,0.05993613674544397,0.05993613674544397,0.059079872897108636,0.059079872897108636,1.049960758039984,1.1383781729924305e-16,0.036485196088512827,0.036485196088512827,0.033934553787135426,0.033934553787135426,7.645320144037621,8.124060154668339,pairwise_q_fem_disagreement_only,False,False,True
circle,baseline,heat,256,final_production_generated_q_custom_fft_metric_repay,volumetric_p1_radial_fan_schur_dtn,O(n log n),O(n),sparse factorization plus dense boundary eigensolve; roughly O(N_mesh^alpha + n^3),O(n^2),O(N_mesh + n^2),0.000500003807246685,0.3032910171896219,0.3037910209968686,58.49191697780043,0.11245789937674999,58.60437487717718,3073,5888,12,0.025821492151914125,0.025821492151914125,0.035479880466569295,0.035479880466569295,0.9800904023251689,4.24454253227069e-17,0.015943464087991854,0.015943464087991854,0.020415156101630014,0.020415156101630014,0.6220439595466963,0.6033618295536862,pairwise_q_fem_disagreement_only,False,False,True
circle,baseline,poisson,256,final_production_generated_q_custom_fft_metric_repay,volumetric_p1_radial_fan_schur_dtn,O(n log n),O(n),sparse factorization plus dense boundary eigensolve; roughly O(N_mesh^alpha + n^3),O(n^2),O(N_mesh + n^2),0.000500003807246685,0.2998750424012542,0.30037504620850086,58.49191697780043,0.10829197708517313,58.6002089548856,3073,5888,12,0.027055488324483033,0.027055488324483033,0.033888918449032454,0.033888918449032454,0.9752729499032061,5.35207416025213e-17,0.009446298084235426,0.009446298084235426,0.012088456678478991,0.012088456678478991,0.2839859245950176,0.27487823935599115,pairwise_q_fem_disagreement_only,False,False,True
circle,baseline,helmholtz,256,final_production_generated_q_custom_fft_metric_repay,volumetric_p1_radial_fan_schur_dtn,O(n log n),O(n),sparse factorization plus dense boundary eigensolve; roughly O(N_mesh^alpha + n^3),O(n^2),O(N_mesh + n^2),0.000500003807246685,0.32049999572336674,0.3209999995306134,58.49191697780043,0.11904200073331594,58.610958978533745,3073,5888,12,0.4412965535313165,0.4412965535313165,0.43599882207959184,0.43599882207959184,0.6938326387159051,0.002341531766497129,0.0042399609504555034,0.0042399609504555034,0.004446109743558173,0.004446109743558173,0.5605337027655302,0.39042368197893085,pairwise_q_fem_disagreement_only,False,False,True
circle,baseline,wave,256,final_production_generated_q_custom_fft_metric_repay,volumetric_p1_radial_fan_schur_dtn,O(n log n),O(n),sparse factorization plus dense boundary eigensolve; roughly O(N_mesh^alpha + n^3),O(n^2),O(N_mesh + n^2),0.000500003807246685,0.3190839197486639,0.3195839235559106,58.49191697780043,0.11866597924381495,58.610582957044244,3073,5888,12,0.12031041216591172,0.12031041216591172,0.13097904672812558,0.13097904672812558,1.1069125213760302,1.927483727062898e-16,0.07207044271426506,0.07207044271426506,0.05643635506572347,0.05643635506572347,0.33121237450767704,0.37932561920924524,pairwise_q_fem_disagreement_only,False,False,True
golden_ellipse,closed_form_conic,laplace_dtn,256,final_production_generated_q_custom_fft_metric_repay,volumetric_p1_radial_fan_schur_dtn,O(n log n),O(n),sparse factorization plus dense boundary eigensolve; roughly O(N_mesh^alpha + n^3),O(n^2),O(N_mesh + n^2),0.000208965502679348,0.2944159787148237,0.29462494421750307,54.04920794535428,0.027999980375170708,54.077207925729454,3073,5888,12,0.06851875840607578,0.06851875840607578,0.07986860216506463,0.07986860216506463,1.054453886614353,1.0411488897880059e-16,0.045092887186993405,0.045092887186993405,0.05185606568905975,0.05185606568905975,3.3102310884925186,3.597563452656301,pairwise_q_fem_disagreement_only,False,False,True
golden_ellipse,closed_form_conic,heat,256,final_production_generated_q_custom_fft_metric_repay,volumetric_p1_radial_fan_schur_dtn,O(n log n),O(n),sparse factorization plus dense boundary eigensolve; roughly O(N_mesh^alpha + n^3),O(n^2),O(N_mesh + n^2),0.000208965502679348,0.30824996065348387,0.3084589261561632,54.04920794535428,0.11429202277213335,54.163499968126416,3073,5888,12,0.755413587092027,0.755413587092027,0.8043159572103523,0.8043159572103523,3.97196334801196,1.8481133635332453e-16,0.15659759241262847,0.15659759241262847,0.22869599162699325,0.22869599162699325,0.2752524150245639,1.0597478476675313,pairwise_q_fem_disagreement_only,False,False,True
golden_ellipse,closed_form_conic,poisson,256,final_production_generated_q_custom_fft_metric_repay,volumetric_p1_radial_fan_schur_dtn,O(n log n),O(n),sparse factorization plus dense boundary eigensolve; roughly O(N_mesh^alpha + n^3),O(n^2),O(N_mesh + n^2),0.000208965502679348,0.30637497548013926,0.3065839409828186,54.04920794535428,0.10595796629786491,54.15516591165215,3073,5888,12,0.8391676706411413,0.8391676706411413,0.8707273287338645,0.8707273287338645,5.91369541005437,3.325062675644272e-16,0.2111687334986392,0.2111687334986392,0.2896967792711886,0.2896967792711886,0.12616599888630456,0.7323639704358509,pairwise_q_fem_disagreement_only,False,False,True
golden_ellipse,closed_form_conic,helmholtz,256,final_production_generated_q_custom_fft_metric_repay,volumetric_p1_radial_fan_schur_dtn,O(n log n),O(n),sparse factorization plus dense boundary eigensolve; roughly O(N_mesh^alpha + n^3),O(n^2),O(N_mesh + n^2),0.000208965502679348,0.311334035359323,0.3115430008620024,54.04920794535428,0.10075001046061516,54.1499579558149,3073,5888,12,1.9836859906742756,1.9836859906742756,1.6736295420546161,1.6736295420546161,-0.428332470479806,-0.0055149797640125986,0.8425705708017343,0.8425705708017343,0.7178570019979896,0.7178570019979896,0.24994313921518216,0.2792261481113147,pairwise_q_fem_disagreement_only,False,False,True
golden_ellipse,closed_form_conic,wave,256,final_production_generated_q_custom_fft_metric_repay,volumetric_p1_radial_fan_schur_dtn,O(n log n),O(n),sparse factorization plus dense boundary eigensolve; roughly O(N_mesh^alpha + n^3),O(n^2),O(N_mesh + n^2),0.000208965502679348,0.30891597270965576,0.3091249382123351,54.04920794535428,0.09958306327462196,54.148791008628905,3073,5888,12,1.034888634378866,1.034888634378866,1.1234471246680051,1.1234471246680051,-0.9009163320358112,-2.1679586354855238e-16,0.989663543050527,0.989663543050527,0.9269779050426054,0.9269779050426054,0.14474387819449594,0.7035042836636964,pairwise_q_fem_disagreement_only,False,False,True
eccentric_ellipse,closed_form_conic,laplace_dtn,256,final_production_generated_q_custom_fft_metric_repay,volumetric_p1_radial_fan_schur_dtn,O(n log n),O(n),sparse factorization plus dense boundary eigensolve; roughly O(N_mesh^alpha + n^3),O(n^2),O(N_mesh + n^2),0.00016600824892520905,0.2982090227305889,0.2983750309795141,53.914959076792,0.028790906071662903,53.943749982863665,3073,5888,12,0.1523498945752604,0.1523498945752604,0.15095240954234215,0.15095240954234215,1.0725924071462674,6.132568850878427e-17,0.1368053982096178,0.1368053982096178,0.14849321676857724,0.14849321676857724,7.314723364340009,8.61521008545256,pairwise_q_fem_disagreement_only,False,False,True
eccentric_ellipse,closed_form_conic,heat,256,final_production_generated_q_custom_fft_metric_repay,volumetric_p1_radial_fan_schur_dtn,O(n log n),O(n),sparse factorization plus dense boundary eigensolve; roughly O(N_mesh^alpha + n^3),O(n^2),O(N_mesh + n^2),0.00016600824892520905,0.3067080397158861,0.3068740479648113,53.914959076792,0.11970801278948784,54.03466708958149,3073,5888,12,0.6546852977068142,0.6546852977068142,0.7552462942747179,0.7552462942747179,2.1934338260584982,1.2000719502645937e-16,0.4339661036443604,0.4339661036443604,0.7349352728954992,0.7349352728954992,0.608234052985132,1.0168612010368978,pairwise_q_fem_disagreement_only,False,False,True
eccentric_ellipse,closed_form_conic,poisson,256,final_production_generated_q_custom_fft_metric_repay,volumetric_p1_radial_fan_schur_dtn,O(n log n),O(n),sparse factorization plus dense boundary eigensolve; roughly O(N_mesh^alpha + n^3),O(n^2),O(N_mesh + n^2),0.00016600824892520905,0.3005419857800007,0.3007079940289259,53.914959076792,0.09212503209710121,54.0070841088891,3073,5888,12,0.7986617219248188,0.7986617219248188,0.8263104550527649,0.8263104550527649,2.8276225443969785,2.0721501343545934e-16,0.6148336101102078,0.6148336101102078,1.011442864942666,1.011442864942666,0.2787930374550445,0.6541736000998998,pairwise_q_fem_disagreement_only,False,False,True
eccentric_ellipse,closed_form_conic,helmholtz,256,final_production_generated_q_custom_fft_metric_repay,volumetric_p1_radial_fan_schur_dtn,O(n log n),O(n),sparse factorization plus dense boundary eigensolve; roughly O(N_mesh^alpha + n^3),O(n^2),O(N_mesh + n^2),0.00016600824892520905,0.30929106287658215,0.30945707112550735,53.914959076792,0.10016595479100943,54.01512503158301,3073,5888,12,2.498876778628248,2.498876778628248,2.8256228567171213,2.8256228567171213,-0.4120134452432141,-0.006565634295346547,0.715403072615059,0.715403072615059,0.6136078130788375,0.6136078130788375,0.5559253912034252,0.280214374199474,pairwise_q_fem_disagreement_only,False,False,True
eccentric_ellipse,closed_form_conic,wave,256,final_production_generated_q_custom_fft_metric_repay,volumetric_p1_radial_fan_schur_dtn,O(n log n),O(n),sparse factorization plus dense boundary eigensolve; roughly O(N_mesh^alpha + n^3),O(n^2),O(N_mesh + n^2),0.00016600824892520905,0.30766590498387814,0.30783191323280334,53.914959076792,0.09962508920580149,54.0145841659978,3073,5888,12,0.9971443445894752,0.9971443445894752,1.1530942355947842,1.1530942355947842,0.5335709875663032,-5.673556968800886e-17,0.9878346304974613,0.9878346304974613,1.0745844549699282,1.0745844549699282,0.2893863799593668,0.6222407889923451,pairwise_q_fem_disagreement_only,False,False,True
three_petal,smooth_nonconvex,laplace_dtn,256,final_production_generated_q_custom_fft_metric_repay,volumetric_p1_radial_fan_schur_dtn,O(n log n),O(n),sparse factorization plus dense boundary eigensolve; roughly O(N_mesh^alpha + n^3),O(n^2),O(N_mesh + n^2),0.00020791776478290558,0.2939170226454735,0.2941249404102564,52.37312498502433,0.02791709266602993,52.40104207769036,3073,5888,12,0.25134934215429905,0.25134934215429905,0.3960930393181607,0.3960930393181607,1.1112163040040277,1.751652199448649e-16,0.23172685130589837,0.23172685130589837,0.3821172766129855,0.3821172766129855,9.466718170308672,11.059865575294134,pairwise_q_fem_disagreement_only,False,False,True
three_petal,smooth_nonconvex,heat,256,final_production_generated_q_custom_fft_metric_repay,volumetric_p1_radial_fan_schur_dtn,O(n log n),O(n),sparse factorization plus dense boundary eigensolve; roughly O(N_mesh^alpha + n^3),O(n^2),O(N_mesh + n^2),0.00020791776478290558,0.30179100576788187,0.3019989235326648,52.37312498502433,0.11229200754314661,52.48541699256748,3073,5888,12,0.5335821501355481,0.5335821501355481,0.7145481418505365,0.7145481418505365,0.986614579527791,-1.2459185271643151e-17,0.5334587402160819,0.5334587402160819,0.6988985052686194,0.6988985052686194,0.9454134609466877,0.8086294290999863,pairwise_q_fem_disagreement_only,False,False,True
three_petal,smooth_nonconvex,poisson,256,final_production_generated_q_custom_fft_metric_repay,volumetric_p1_radial_fan_schur_dtn,O(n log n),O(n),sparse factorization plus dense boundary eigensolve; roughly O(N_mesh^alpha + n^3),O(n^2),O(N_mesh + n^2),0.00020791776478290558,0.312665943056345,0.3128738608211279,52.37312498502433,0.09370804764330387,52.46683303266764,3073,5888,12,0.7343268505902809,0.7343268505902809,0.9265870382537036,0.9265870382537036,1.0337311922984607,2.940930171999645e-17,0.7339923715315244,0.7339923715315244,0.9576347051236315,0.9576347051236315,0.4272841091515917,0.46421531486569595,pairwise_q_fem_disagreement_only,False,False,True
three_petal,smooth_nonconvex,helmholtz,256,final_production_generated_q_custom_fft_metric_repay,volumetric_p1_radial_fan_schur_dtn,O(n log n),O(n),sparse factorization plus dense boundary eigensolve; roughly O(N_mesh^alpha + n^3),O(n^2),O(N_mesh + n^2),0.00020791776478290558,0.31116593163460493,0.31137384939938784,52.37312498502433,0.10091706644743681,52.47404205147177,3073,5888,12,0.8819127696432137,0.8819127696432137,0.9368562822007586,0.9368562822007586,4.064281007241586,-0.2644588185607442,0.6948858002348203,0.6948858002348203,0.7645734534115598,0.7645734534115598,1.1244938488155423,4.341758055182038,pairwise_q_fem_disagreement_only,False,False,True
three_petal,smooth_nonconvex,wave,256,final_production_generated_q_custom_fft_metric_repay,volumetric_p1_radial_fan_schur_dtn,O(n log n),O(n),sparse factorization plus dense boundary eigensolve; roughly O(N_mesh^alpha + n^3),O(n^2),O(N_mesh + n^2),0.00020791776478290558,0.3118340391665697,0.3120419569313526,52.37312498502433,0.10054197628051043,52.47366696130484,3073,5888,12,0.9245846480812724,0.9245846480812724,0.8292886891127076,0.8292886891127076,0.6626218283791677,-7.559982302465583e-17,0.8966948541949665,0.8966948541949665,0.8175857394650246,0.8175857394650246,0.5568830079535869,0.6123240981334016,pairwise_q_fem_disagreement_only,False,False,True
four_lobed_wiggle,smooth_multiscale,laplace_dtn,256,final_production_generated_q_custom_fft_metric_repay,volumetric_p1_radial_fan_schur_dtn,O(n log n),O(n),sparse factorization plus dense boundary eigensolve; roughly O(N_mesh^alpha + n^3),O(n^2),O(N_mesh + n^2),0.00020791776478290558,0.29208301566541195,0.29229093343019485,52.90316604077816,0.02804200630635023,52.93120804708451,3073,5888,12,0.46160467799762134,0.46160467799762134,0.6046203249088147,0.6046203249088147,1.0223595436915063,-9.26645537269118e-17,0.46119659419193076,0.46119659419193076,0.6012363114364655,0.6012363114364655,19.39625955849787,17.54338865059525,pairwise_q_fem_disagreement_only,False,False,True
four_lobed_wiggle,smooth_multiscale,heat,256,final_production_generated_q_custom_fft_metric_repay,volumetric_p1_radial_fan_schur_dtn,O(n log n),O(n),sparse factorization plus dense boundary eigensolve; roughly O(N_mesh^alpha + n^3),O(n^2),O(N_mesh + n^2),0.00020791776478290558,0.3019580617547035,0.3021659795194864,52.90316604077816,0.11250004172325134,53.01566608250141,3073,5888,12,0.610993841481813,0.610993841481813,1.247726095316926,1.247726095316926,0.9331448875312635,1.9077568814731915e-16,0.6083420886283664,0.6083420886283664,1.1300905814800895,1.1300905814800895,1.4744351972722363,0.8379572437471811,pairwise_q_fem_disagreement_only,False,False,True
four_lobed_wiggle,smooth_multiscale,poisson,256,final_production_generated_q_custom_fft_metric_repay,volumetric_p1_radial_fan_schur_dtn,O(n log n),O(n),sparse factorization plus dense boundary eigensolve; roughly O(N_mesh^alpha + n^3),O(n^2),O(N_mesh + n^2),0.00020791776478290558,0.30204199720174074,0.30224991496652365,52.90316604077816,0.09370804764330387,52.996874088421464,3073,5888,12,0.9612320007449542,0.9612320007449542,1.097653104605338,1.097653104605338,1.0174391952372888,2.3611556177641496e-16,0.9612203779565947,0.9612203779565947,1.1106593996107943,1.1106593996107943,0.6761117847054386,0.9065491295379154,pairwise_q_fem_disagreement_only,False,False,True
four_lobed_wiggle,smooth_multiscale,helmholtz,256,final_production_generated_q_custom_fft_metric_repay,volumetric_p1_radial_fan_schur_dtn,O(n log n),O(n),sparse factorization plus dense boundary eigensolve; roughly O(N_mesh^alpha + n^3),O(n^2),O(N_mesh + n^2),0.00020791776478290558,0.3124580252915621,0.312665943056345,52.90316604077816,0.10104198008775711,53.00420802086592,3073,5888,12,3.971589512249044,3.971589512249044,5.549519155694905,5.549519155694905,-0.23644413613561957,-0.0036830004309961685,0.6626546959742144,0.6626546959742144,0.6779303304570689,0.6779303304570689,1.2468167424144416,0.26030834938945685,pairwise_q_fem_disagreement_only,False,False,True
four_lobed_wiggle,smooth_multiscale,wave,256,final_production_generated_q_custom_fft_metric_repay,volumetric_p1_radial_fan_schur_dtn,O(n log n),O(n),sparse factorization plus dense boundary eigensolve; roughly O(N_mesh^alpha + n^3),O(n^2),O(N_mesh + n^2),0.00020791776478290558,0.30812493059784174,0.30833284836262465,52.90316604077816,0.1041659852489829,53.00733202602714,3073,5888,12,0.915890999952503,0.915890999952503,0.7066145574802694,0.7066145574802694,0.7752788213104592,3.685427686936701e-17,0.9077860460748,0.9077860460748,0.7630493233140295,0.7630493233140295,0.8563975067919949,0.8665374581274239,pairwise_q_fem_disagreement_only,False,False,True
asymmetric_limacon,asymmetric,laplace_dtn,256,final_production_generated_q_custom_fft_metric_repay,volumetric_p1_radial_fan_schur_dtn,O(n log n),O(n),sparse factorization plus dense boundary eigensolve; roughly O(N_mesh^alpha + n^3),O(n^2),O(N_mesh + n^2),0.000125030055642128,0.2997079864144325,0.29983301647007465,53.79199993330985,0.028250040486454964,53.82024997379631,3073,5888,12,0.09585687776101738,0.09585687776101738,0.1931171201863165,0.1931171201863165,1.037139444289246,1.0850876857931341e-16,0.08897399671991378,0.08897399671991378,0.1956803020309665,0.1956803020309665,7.931976347852077,8.811516260891688,pairwise_q_fem_disagreement_only,False,False,True
asymmetric_limacon,asymmetric,heat,256,final_production_generated_q_custom_fft_metric_repay,volumetric_p1_radial_fan_schur_dtn,O(n log n),O(n),sparse factorization plus dense boundary eigensolve; roughly O(N_mesh^alpha + n^3),O(n^2),O(N_mesh + n^2),0.000125030055642128,0.3161670174449682,0.31629204750061035,53.79199993330985,0.11137500405311584,53.90337493736297,3073,5888,12,0.34750438700537617,0.34750438700537617,0.44657505572198003,0.44657505572198003,1.1227195682397453,3.2366749415901276e-17,0.33185440981130243,0.33185440981130243,0.5600670994834767,0.5600670994834767,0.7010193495095293,0.7558648201382521,pairwise_q_fem_disagreement_only,False,False,True
asymmetric_limacon,asymmetric,poisson,256,final_production_generated_q_custom_fft_metric_repay,volumetric_p1_radial_fan_schur_dtn,O(n log n),O(n),sparse factorization plus dense boundary eigensolve; roughly O(N_mesh^alpha + n^3),O(n^2),O(N_mesh + n^2),0.000125030055642128,0.2987090265378356,0.2988340565934777,53.79199993330985,0.09529199451208115,53.887291927821934,3073,5888,12,0.5767669131622781,0.5767669131622781,0.6845699716734185,0.6845699716734185,1.157457679991051,7.28039515447728e-17,0.5657537276931093,0.5657537276931093,0.8080652526898339,0.8080652526898339,0.31682902838433186,0.40396008132962236,pairwise_q_fem_disagreement_only,False,False,True
asymmetric_limacon,asymmetric,helmholtz,256,final_production_generated_q_custom_fft_metric_repay,volumetric_p1_radial_fan_schur_dtn,O(n log n),O(n),sparse factorization plus dense boundary eigensolve; roughly O(N_mesh^alpha + n^3),O(n^2),O(N_mesh + n^2),0.000125030055642128,0.3128340467810631,0.3129590768367052,53.79199993330985,0.10783295147120953,53.89983288478106,3073,5888,12,1.1342464221073976,1.1342464221073976,1.108916872812728,1.108916872812728,-6.511956603772339,-0.5480623150630857,0.3570685252360102,0.3570685252360102,0.5715818532565293,0.5715818532565293,0.8381317023741521,4.066588167187451,pairwise_q_fem_disagreement_only,False,False,True
asymmetric_limacon,asymmetric,wave,256,final_production_generated_q_custom_fft_metric_repay,volumetric_p1_radial_fan_schur_dtn,O(n log n),O(n),sparse factorization plus dense boundary eigensolve; roughly O(N_mesh^alpha + n^3),O(n^2),O(N_mesh + n^2),0.000125030055642128,0.30924996826797724,0.30937499832361937,53.79199993330985,0.10133290197700262,53.893332835286856,3073,5888,12,0.712465155728504,0.712465155728504,0.595029628266778,0.595029628266778,0.8389951381462561,4.1680465303743973e-17,0.6991281868065994,0.6991281868065994,0.4978836185353081,0.4978836185353081,0.41684892982588156,0.5607692309291088,pairwise_q_fem_disagreement_only,False,False,True
crescent_teardrop,near_cusp_smooth,laplace_dtn,256,final_production_generated_q_custom_fft_metric_repay,volumetric_p1_radial_fan_schur_dtn,O(n log n),O(n),sparse factorization plus dense boundary eigensolve; roughly O(N_mesh^alpha + n^3),O(n^2),O(N_mesh + n^2),0.00020791776478290558,0.2952089998871088,0.2954169176518917,53.43591596465558,0.027833040803670883,53.46374900545925,3073,5888,12,0.11126590481771104,0.11126590481771104,0.13371058001537908,0.13371058001537908,1.040144678089203,8.246911274027813e-17,0.10443539805703965,0.10443539805703965,0.13145331770315327,0.13145331770315327,12.861545024579481,14.301482713480445,pairwise_q_fem_disagreement_only,False,False,True
crescent_teardrop,near_cusp_smooth,heat,256,final_production_generated_q_custom_fft_metric_repay,volumetric_p1_radial_fan_schur_dtn,O(n log n),O(n),sparse factorization plus dense boundary eigensolve; roughly O(N_mesh^alpha + n^3),O(n^2),O(N_mesh + n^2),0.00020791776478290558,0.3024169709533453,0.3026248887181282,53.43591596465558,0.11195894330739975,53.54787490796298,3073,5888,12,0.4219003457896225,0.4219003457896225,0.9621015843077022,0.9621015843077022,1.0110069977051543,6.387529011465772e-17,0.4217848483516648,0.4217848483516648,0.9782875520694728,0.9782875520694728,1.0694635009832083,0.72727083572176,pairwise_q_fem_disagreement_only,False,False,True
crescent_teardrop,near_cusp_smooth,poisson,256,final_production_generated_q_custom_fft_metric_repay,volumetric_p1_radial_fan_schur_dtn,O(n log n),O(n),sparse factorization plus dense boundary eigensolve; roughly O(N_mesh^alpha + n^3),O(n^2),O(N_mesh + n^2),0.00020791776478290558,0.30291592702269554,0.30312384478747845,53.43591596465558,0.0926250359043479,53.528541000559926,3073,5888,12,0.6790772977711704,0.6790772977711704,1.108924532580387,1.108924532580387,1.060157663840392,4.8863995347260197e-17,0.6777944533897937,0.6777944533897937,1.176189281442784,1.176189281442784,0.49020434884086134,0.4384101469105834,pairwise_q_fem_disagreement_only,False,False,True
crescent_teardrop,near_cusp_smooth,helmholtz,256,final_production_generated_q_custom_fft_metric_repay,volumetric_p1_radial_fan_schur_dtn,O(n log n),O(n),sparse factorization plus dense boundary eigensolve; roughly O(N_mesh^alpha + n^3),O(n^2),O(N_mesh + n^2),0.00020791776478290558,0.31695899087935686,0.31716690864413977,53.43591596465558,0.10141695383936167,53.53733291849494,3073,5888,12,1.8307110741875081,1.8307110741875081,2.2602930615420274,2.2602930615420274,-0.9747612369821269,-0.024131825190777223,0.4919576192596898,0.4919576192596898,0.5806972463364881,0.5806972463364881,0.972629331084139,0.678674519423729,pairwise_q_fem_disagreement_only,False,False,True
crescent_teardrop,near_cusp_smooth,wave,256,final_production_generated_q_custom_fft_metric_repay,volumetric_p1_radial_fan_schur_dtn,O(n log n),O(n),sparse factorization plus dense boundary eigensolve; roughly O(N_mesh^alpha + n^3),O(n^2),O(N_mesh + n^2),0.00020791776478290558,0.32049999572336674,0.32070791348814964,53.43591596465558,0.10183302219957113,53.53774898685515,3073,5888,12,0.6484602446200105,0.6484602446200105,0.5574604050934359,0.5574604050934359,1.14867756904584,2.715818543772325e-16,0.6408017436345109,0.6408017436345109,0.5371413276569794,0.5371413276569794,0.49664251743577287,0.7270670620280241,pairwise_q_fem_disagreement_only,False,False,True
peanut,pinched_smooth,laplace_dtn,256,final_production_generated_q_custom_fft_metric_repay,volumetric_p1_radial_fan_schur_dtn,O(n log n),O(n),sparse factorization plus dense boundary eigensolve; roughly O(N_mesh^alpha + n^3),O(n^2),O(N_mesh + n^2),0.000250060111284256,0.3187078982591629,0.31895795837044716,52.17362497933209,0.02845900598913431,52.202083985321224,3073,5888,12,0.15336042114218745,0.15336042114218745,0.22555283166407647,0.22555283166407647,0.9973394535708506,7.780070196748924e-17,0.15333776368430663,0.15333776368430663,0.22575200338449677,0.22575200338449677,12.8752165015015,13.323475546990865,pairwise_q_fem_disagreement_only,False,False,True
peanut,pinched_smooth,heat,256,final_production_generated_q_custom_fft_metric_repay,volumetric_p1_radial_fan_schur_dtn,O(n log n),O(n),sparse factorization plus dense boundary eigensolve; roughly O(N_mesh^alpha + n^3),O(n^2),O(N_mesh + n^2),0.000250060111284256,0.30633294954895973,0.306583009660244,52.17362497933209,0.10341696906834841,52.27704194840044,3073,5888,12,0.4421184062275659,0.4421184062275659,0.8367478311436048,0.8367478311436048,1.0788274720306332,6.657684297258143e-17,0.43720741459582935,0.43720741459582935,0.9463553652840982,0.9463553652840982,1.0723032367770813,0.7711783142302747,pairwise_q_fem_disagreement_only,False,False,True
peanut,pinched_smooth,poisson,256,final_production_generated_q_custom_fft_metric_repay,volumetric_p1_radial_fan_schur_dtn,O(n log n),O(n),sparse factorization plus dense boundary eigensolve; roughly O(N_mesh^alpha + n^3),O(n^2),O(N_mesh + n^2),0.000250060111284256,0.29908400028944016,0.2993340604007244,52.17362497933209,0.09612494613975286,52.26974992547184,3073,5888,12,0.9084391834715028,0.9084391834715028,0.9294423443298098,0.9294423443298098,1.1286301447807348,8.580614706303295e-17,0.9071726248326681,0.9071726248326681,1.021718810790491,1.021718810790491,0.48850725076122686,0.68096190504466,pairwise_q_fem_disagreement_only,False,False,True
peanut,pinched_smooth,helmholtz,256,final_production_generated_q_custom_fft_metric_repay,volumetric_p1_radial_fan_schur_dtn,O(n log n),O(n),sparse factorization plus dense boundary eigensolve; roughly O(N_mesh^alpha + n^3),O(n^2),O(N_mesh + n^2),0.000250060111284256,0.30991598032414913,0.3101660404354334,52.17362497933209,0.10549998842179775,52.27912496775389,3073,5888,12,2.328524349724066,2.328524349724066,3.2162050365760457,3.2162050365760457,-0.641318001606234,-0.012346013974844718,0.45048585185938217,0.45048585185938217,0.6738896216918868,0.6738896216918868,0.9599055508334534,0.40502286976903445,pairwise_q_fem_disagreement_only,False,False,True
peanut,pinched_smooth,wave,256,final_production_generated_q_custom_fft_metric_repay,volumetric_p1_radial_fan_schur_dtn,O(n log n),O(n),sparse factorization plus dense boundary eigensolve; roughly O(N_mesh^alpha + n^3),O(n^2),O(N_mesh + n^2),0.000250060111284256,0.30691607389599085,0.3071661340072751,52.17362497933209,0.11066696606576443,52.284291945397854,3073,5888,12,0.7515268290154725,0.7515268290154725,0.581960569584398,0.581960569584398,0.9661501734879632,1.448918982635036e-16,0.7511708849805667,0.7511708849805667,0.5788555487298833,0.5788555487298833,0.543635315225427,0.6537840711808015,pairwise_q_fem_disagreement_only,False,False,True
high_frequency_gear,smooth_high_frequency,laplace_dtn,256,final_production_generated_q_custom_fft_metric_repay,volumetric_p1_radial_fan_schur_dtn,O(n log n),O(n),sparse factorization plus dense boundary eigensolve; roughly O(N_mesh^alpha + n^3),O(n^2),O(N_mesh + n^2),0.000125030055642128,0.32883300445973873,0.32895803451538086,53.88291704002768,0.028250040486454964,53.91116708051413,3073,5888,12,0.5031910320937968,0.5031910320937968,0.6428997794451693,0.6428997794451693,1.2449841786038747,3.7921335588845483e-17,0.47235526559100377,0.47235526559100377,0.6629916726971727,0.6629916726971727,9.972534681680273,16.61570392636153,pairwise_q_fem_disagreement_only,False,False,True
high_frequency_gear,smooth_high_frequency,heat,256,final_production_generated_q_custom_fft_metric_repay,volumetric_p1_radial_fan_schur_dtn,O(n log n),O(n),sparse factorization plus dense boundary eigensolve; roughly O(N_mesh^alpha + n^3),O(n^2),O(N_mesh + n^2),0.000125030055642128,0.3307920414954424,0.3309170715510845,53.88291704002768,0.11749996338039637,54.000417003408074,3073,5888,12,0.3600660241483009,0.3600660241483009,0.9332645969905485,0.9332645969905485,0.9228641182273648,4.142827079566893e-17,0.35146032339785943,0.35146032339785943,0.7984255744264956,0.7984255744264956,1.2030510332767128,0.6882162189005555,pairwise_q_fem_disagreement_only,False,False,True
high_frequency_gear,smooth_high_frequency,poisson,256,final_production_generated_q_custom_fft_metric_repay,volumetric_p1_radial_fan_schur_dtn,O(n log n),O(n),sparse factorization plus dense boundary eigensolve; roughly O(N_mesh^alpha + n^3),O(n^2),O(N_mesh + n^2),0.000125030055642128,0.30325003899633884,0.303375069051981,53.88291704002768,0.10725005995482206,53.9901670999825,3073,5888,12,0.3393859708986657,0.3393859708986657,0.8861043604030192,0.8861043604030192,0.9607693875428881,5.0876354495204995e-17,0.33720190423368224,0.33720190423368224,0.8176423143034128,0.8176423143034128,0.5409734200547199,0.3099924673721836,pairwise_q_fem_disagreement_only,False,False,True
high_frequency_gear,smooth_high_frequency,helmholtz,256,final_production_generated_q_custom_fft_metric_repay,volumetric_p1_radial_fan_schur_dtn,O(n log n),O(n),sparse factorization plus dense boundary eigensolve; roughly O(N_mesh^alpha + n^3),O(n^2),O(N_mesh + n^2),0.000125030055642128,0.3062499454244971,0.30637497548013926,53.88291704002768,0.11229200754314661,53.995209047570825,3073,5888,12,1.348847081660378,1.348847081660378,1.6397123066020554,1.6397123066020554,-2.3472561770729405,-0.10242572156771469,0.4535499162829644,0.4535499162829644,0.505091424529887,0.505091424529887,1.3150288081619732,2.0532998188790557,pairwise_q_fem_disagreement_only,False,False,True
high_frequency_gear,smooth_high_frequency,wave,256,final_production_generated_q_custom_fft_metric_repay,volumetric_p1_radial_fan_schur_dtn,O(n log n),O(n),sparse factorization plus dense boundary eigensolve; roughly O(N_mesh^alpha + n^3),O(n^2),O(N_mesh + n^2),0.000125030055642128,0.3084579948335886,0.30858302488923073,53.88291704002768,0.10850001126527786,53.991417051292956,3073,5888,12,0.7442531265709638,0.7442531265709638,0.7582023858062786,0.7582023858062786,1.0807426716719102,2.5036206529174873e-16,0.742569083089601,0.742569083089601,0.7386790004323839,0.7386790004323839,0.5830469923797134,0.9686324573160634,pairwise_q_fem_disagreement_only,False,False,True
rotated_mixed,complex_coefficients,laplace_dtn,256,final_production_generated_q_custom_fft_metric_repay,volumetric_p1_radial_fan_schur_dtn,O(n log n),O(n),sparse factorization plus dense boundary eigensolve; roughly O(N_mesh^alpha + n^3),O(n^2),O(N_mesh + n^2),0.000125030055642128,0.2947910688817501,0.29491609893739223,52.99154110252857,0.028499984182417393,53.02004108671099,3073,5888,12,0.1362213791629041,0.1362213791629041,0.1358860216395106,0.1358860216395106,1.0365689024520954,1.738166925203394e-16,0.13165577678846907,0.13165577678846907,0.15176094222723302,0.15176094222723302,8.827692574579165,8.897171128038506,pairwise_q_fem_disagreement_only,False,False,True
rotated_mixed,complex_coefficients,heat,256,final_production_generated_q_custom_fft_metric_repay,volumetric_p1_radial_fan_schur_dtn,O(n log n),O(n),sparse factorization plus dense boundary eigensolve; roughly O(N_mesh^alpha + n^3),O(n^2),O(N_mesh + n^2),0.000125030055642128,0.30733307357877493,0.30745810363441706,52.99154110252857,0.11370796710252762,53.1052490696311,3073,5888,12,0.36572414935641134,0.36572414935641134,0.4773268013087158,0.4773268013087158,1.0428874923868825,4.378330972560722e-18,0.36371239419338086,0.36371239419338086,0.5248416408689441,0.5248416408689441,0.8595305443062764,0.7702466790093163,pairwise_q_fem_disagreement_only,False,False,True
rotated_mixed,complex_coefficients,poisson,256,final_production_generated_q_custom_fft_metric_repay,volumetric_p1_radial_fan_schur_dtn,O(n log n),O(n),sparse factorization plus dense boundary eigensolve; roughly O(N_mesh^alpha + n^3),O(n^2),O(N_mesh + n^2),0.000125030055642128,0.30970899388194084,0.30983402393758297,52.99154110252857,0.1028749393299222,53.094416041858494,3073,5888,12,0.8420677889842304,0.8420677889842304,0.6768735899157657,0.6768735899157657,1.0656186567065338,-3.0923312029548238e-18,0.8414100253243425,0.8414100253243425,0.7204577983637004,0.7204577983637004,0.3882119220572715,0.5818819264481904,pairwise_q_fem_disagreement_only,False,False,True
rotated_mixed,complex_coefficients,helmholtz,256,final_production_generated_q_custom_fft_metric_repay,volumetric_p1_radial_fan_schur_dtn,O(n log n),O(n),sparse factorization plus dense boundary eigensolve; roughly O(N_mesh^alpha + n^3),O(n^2),O(N_mesh + n^2),0.000125030055642128,0.31108304392546415,0.3112080739811063,52.99154110252857,0.11066696606576443,53.10220806859434,3073,5888,12,1.6372593742114108,1.6372593742114108,1.96988660598381,1.96988660598381,-0.34010302298343686,-0.014033181707134315,0.9402683539284971,0.9402683539284971,0.9801344270650586,0.9801344270650586,0.790937635782466,0.576579048945608,pairwise_q_fem_disagreement_only,False,False,True
rotated_mixed,complex_coefficients,wave,256,final_production_generated_q_custom_fft_metric_repay,volumetric_p1_radial_fan_schur_dtn,O(n log n),O(n),sparse factorization plus dense boundary eigensolve; roughly O(N_mesh^alpha + n^3),O(n^2),O(N_mesh + n^2),0.000125030055642128,0.3085000207647681,0.30862505082041025,52.99154110252857,0.11362507939338684,53.10516618192196,3073,5888,12,0.6204127174792676,0.6204127174792676,0.636865496725405,0.636865496725405,1.0325174648324345,2.504389988194103e-16,0.6199203736794437,0.6199203736794437,0.6400979746860616,0.6400979746860616,0.3651492155707753,0.4751435845071027,pairwise_q_fem_disagreement_only,False,False,True
rounded_square_polygon_surrogate,smoothed_polygon,laplace_dtn,256,final_production_generated_q_custom_fft_metric_repay,volumetric_p1_radial_fan_schur_dtn,O(n log n),O(n),sparse factorization plus dense boundary eigensolve; roughly O(N_mesh^alpha + n^3),O(n^2),O(N_mesh + n^2),0.000125030055642128,0.2940420527011156,0.29416708275675774,52.238875068724155,0.02804200630635023,52.266917075030506,3073,5888,12,0.4225375161599535,0.4225375161599535,0.47002385077384223,0.47002385077384223,0.8582863798968222,-7.625969287191759e-18,0.3943546161360875,0.3943546161360875,0.4240344294152494,0.4240344294152494,16.885688662294807,14.782030712505017,pairwise_q_fem_disagreement_only,False,False,True
rounded_square_polygon_surrogate,smoothed_polygon,heat,256,final_production_generated_q_custom_fft_metric_repay,volumetric_p1_radial_fan_schur_dtn,O(n log n),O(n),sparse factorization plus dense boundary eigensolve; roughly O(N_mesh^alpha + n^3),O(n^2),O(N_mesh + n^2),0.000125030055642128,0.3020829753950238,0.30220800545066595,52.238875068724155,0.10912492871284485,52.347999997437,3073,5888,12,0.5164348461436892,0.5164348461436892,1.1785982735645768,1.1785982735645768,0.9499391356319857,9.282995930475958e-17,0.5144538670549281,0.5144538670549281,1.0854075842371478,1.0854075842371478,1.463378534895782,0.7861085145221581,pairwise_q_fem_disagreement_only,False,False,True
rounded_square_polygon_surrogate,smoothed_polygon,poisson,256,final_production_generated_q_custom_fft_metric_repay,volumetric_p1_radial_fan_schur_dtn,O(n log n),O(n),sparse factorization plus dense boundary eigensolve; roughly O(N_mesh^alpha + n^3),O(n^2),O(N_mesh + n^2),0.000125030055642128,0.31033309642225504,0.31045812647789717,52.238875068724155,0.0964578939601779,52.33533296268433,3073,5888,12,0.934403731604205,0.934403731604205,1.0620576850959897,1.0620576850959897,1.0409717267882825,1.199501274767541e-16,0.9342983778169484,0.9342983778169484,1.0973514456453268,1.0973514456453268,0.6666687186859098,0.7739206073580759,pairwise_q_fem_disagreement_only,False,False,True
rounded_square_polygon_surrogate,smoothed_polygon,helmholtz,256,final_production_generated_q_custom_fft_metric_repay,volumetric_p1_radial_fan_schur_dtn,O(n log n),O(n),sparse factorization plus dense boundary eigensolve; roughly O(N_mesh^alpha + n^3),O(n^2),O(N_mesh + n^2),0.000125030055642128,0.32445904798805714,0.32458407804369926,52.238875068724155,0.1005829544737935,52.33945802319795,3073,5888,12,4.148959751095886,4.148959751095886,6.0742435526964735,6.0742435526964735,-0.277310324222641,-0.004182061600222055,0.4447256148158052,0.4447256148158052,0.8210251983646671,0.8210251983646671,1.3042157978960522,0.24684358869597525,pairwise_q_fem_disagreement_only,False,False,True
rounded_square_polygon_surrogate,smoothed_polygon,wave,256,final_production_generated_q_custom_fft_metric_repay,volumetric_p1_radial_fan_schur_dtn,O(n log n),O(n),sparse factorization plus dense boundary eigensolve; roughly O(N_mesh^alpha + n^3),O(n^2),O(N_mesh + n^2),0.000125030055642128,0.3133330028504133,0.31345803290605545,52.238875068724155,0.1022089272737503,52.341083995997906,3073,5888,12,0.8606595919251373,0.8606595919251373,0.7093803876733323,0.7093803876733323,0.8287042562877444,1.2160843939610457e-16,0.8539104806934752,0.8539104806934752,0.6998665012977746,0.6998665012977746,0.6699066447455668,0.5292262258766917,pairwise_q_fem_disagreement_only,False,False,True
rounded_triangle_polygon_surrogate,smoothed_polygon,laplace_dtn,256,final_production_generated_q_custom_fft_metric_repay,volumetric_p1_radial_fan_schur_dtn,O(n log n),O(n),sparse factorization plus dense boundary eigensolve; roughly O(N_mesh^alpha + n^3),O(n^2),O(N_mesh + n^2),0.0002080341801047325,0.2976249670609832,0.2978330012410879,52.754541975446045,0.02804200630635023,52.782583981752396,3073,5888,12,0.1249754712287045,0.1249754712287045,0.15873618443053175,0.15873618443053175,1.066726709950817,1.4256344198370847e-16,0.10840665688553731,0.10840665688553731,0.13084113236095055,0.13084113236095055,7.913523316262457,9.4067082998282,pairwise_q_fem_disagreement_only,False,False,True
rounded_triangle_polygon_surrogate,smoothed_polygon,heat,256,final_production_generated_q_custom_fft_metric_repay,volumetric_p1_radial_fan_schur_dtn,O(n log n),O(n),sparse factorization plus dense boundary eigensolve; roughly O(N_mesh^alpha + n^3),O(n^2),O(N_mesh + n^2),0.0002080341801047325,0.3129590768367052,0.31316711101680994,52.754541975446045,0.11449994053691626,52.86904191598296,3073,5888,12,0.4275444219607961,0.4275444219607961,0.47935858112500807,0.47935858112500807,1.003483713464739,3.232709035971895e-18,0.4275329034730504,0.4275329034730504,0.47754481560377243,0.47754481560377243,0.7543338449824204,0.7808303717428989,pairwise_q_fem_disagreement_only,False,False,True
rounded_triangle_polygon_surrogate,smoothed_polygon,poisson,256,final_production_generated_q_custom_fft_metric_repay,volumetric_p1_radial_fan_schur_dtn,O(n log n),O(n),sparse factorization plus dense boundary eigensolve; roughly O(N_mesh^alpha + n^3),O(n^2),O(N_mesh + n^2),0.0002080341801047325,0.31216605566442013,0.31237408984452486,52.754541975446045,0.11179200373589993,52.866333979181945,3073,5888,12,0.6386619887439288,0.6386619887439288,0.6061649896116157,0.6061649896116157,1.034701694631234,3.4915417132279584e-17,0.6381397857428127,0.6381397857428127,0.6273684985019279,0.6273684985019279,0.3441621692087546,0.42644684372338665,pairwise_q_fem_disagreement_only,False,False,True
rounded_triangle_polygon_surrogate,smoothed_polygon,helmholtz,256,final_production_generated_q_custom_fft_metric_repay,volumetric_p1_radial_fan_schur_dtn,O(n log n),O(n),sparse factorization plus dense boundary eigensolve; roughly O(N_mesh^alpha + n^3),O(n^2),O(N_mesh + n^2),0.0002080341801047325,0.3107080701738596,0.31091610435396433,52.754541975446045,0.1170419855043292,52.871583960950375,3073,5888,12,0.4782281786218043,0.4782281786218043,0.5923187898117689,0.5923187898117689,1.280304722386701,-0.005854624442593907,0.43572163750913045,0.43572163750913045,0.6179682633423199,0.6179682633423199,0.7333305767063838,0.8966169296367423,pairwise_q_fem_disagreement_only,False,False,True
rounded_triangle_polygon_surrogate,smoothed_polygon,wave,256,final_production_generated_q_custom_fft_metric_repay,volumetric_p1_radial_fan_schur_dtn,O(n log n),O(n),sparse factorization plus dense boundary eigensolve; roughly O(N_mesh^alpha + n^3),O(n^2),O(N_mesh + n^2),0.0002080341801047325,0.3089579986408353,0.30916603282094,52.754541975446045,0.11587492190301418,52.87041689734906,3073,5888,12,0.7462399492756384,0.7462399492756384,0.5502876439822545,0.5502876439822545,0.8775092117980127,4.9573874960372604e-17,0.7403162206120187,0.7403162206120187,0.5649601636987535,0.5649601636987535,0.4395945803169835,0.6926165008055598,pairwise_q_fem_disagreement_only,False,False,True
five_point_star_smooth,smoothed_star_polygon,laplace_dtn,256,final_production_generated_q_custom_fft_metric_repay,volumetric_p1_radial_fan_schur_dtn,O(n log n),O(n),sparse factorization plus dense boundary eigensolve; roughly O(N_mesh^alpha + n^3),O(n^2),O(N_mesh + n^2),0.00291608739644289,0.30833296477794647,0.31124905217438936,52.88679199293256,0.02975005190819502,52.91654204484075,3073,5888,12,0.9991505007373473,0.9991505007373473,1.0020895653923354,1.0020895653923354,2.9756510965837015,-7.778480654305655e-14,0.9984803163081389,0.9984803163081389,1.0062178175510863,1.0062178175510863,15.277900192492194,2160.362533028097,pairwise_q_fem_disagreement_only,False,False,True
five_point_star_smooth,smoothed_star_polygon,heat,256,final_production_generated_q_custom_fft_metric_repay,volumetric_p1_radial_fan_schur_dtn,O(n log n),O(n),sparse factorization plus dense boundary eigensolve; roughly O(N_mesh^alpha + n^3),O(n^2),O(N_mesh + n^2),0.00291608739644289,0.31224999111145735,0.31516607850790024,52.88679199293256,0.11620903387665749,53.003001026809216,3073,5888,12,0.5185863803784506,0.5185863803784506,1.1858474265892427,1.1858474265892427,1.0569933711231665,4.933419867213003e-17,0.516526990260119,0.516526990260119,1.310426240191462,1.310426240191462,1.775058839891871,0.8120689570093376,pairwise_q_fem_disagreement_only,False,False,True
five_point_star_smooth,smoothed_star_polygon,poisson,256,final_production_generated_q_custom_fft_metric_repay,volumetric_p1_radial_fan_schur_dtn,O(n log n),O(n),sparse factorization plus dense boundary eigensolve; roughly O(N_mesh^alpha + n^3),O(n^2),O(N_mesh + n^2),0.00291608739644289,0.3107910742983222,0.3137071616947651,52.88679199293256,0.111832981929183,52.99862497486174,3073,5888,12,0.6202372263870114,0.6202372263870114,0.6051207034820314,0.6051207034820314,1.4552104858882586,7.098350616944995e-17,0.5638742601237554,0.5638742601237554,0.8502714860236036,0.8502714860236036,0.799669103898414,0.6668239873620185,pairwise_q_fem_disagreement_only,False,False,True
five_point_star_smooth,smoothed_star_polygon,helmholtz,256,final_production_generated_q_custom_fft_metric_repay,volumetric_p1_radial_fan_schur_dtn,O(n log n),O(n),sparse factorization plus dense boundary eigensolve; roughly O(N_mesh^alpha + n^3),O(n^2),O(N_mesh + n^2),0.00291608739644289,0.3369170008227229,0.3398330882191658,52.88679199293256,0.11849997099488974,53.00529196392745,3073,5888,12,5.143077136317027,5.143077136317027,12.265538496283993,12.265538496283993,-0.1268632784340164,-0.0017823394706218674,0.8204960563302028,0.8204960563302028,0.7194786142699422,0.7194786142699422,2.1534549676024133,0.1911529179770115,pairwise_q_fem_disagreement_only,False,False,True
five_point_star_smooth,smoothed_star_polygon,wave,256,final_production_generated_q_custom_fft_metric_repay,volumetric_p1_radial_fan_schur_dtn,O(n log n),O(n),sparse factorization plus dense boundary eigensolve; roughly O(N_mesh^alpha + n^3),O(n^2),O(N_mesh + n^2),0.00291608739644289,0.33441605046391487,0.33733213786035776,52.88679199293256,0.1193750649690628,53.00616705790162,3073,5888,12,1.03242705230112,1.03242705230112,0.8925937587024403,0.8925937587024403,0.26031079691917947,4.5942009106804046e-17,0.9953311130237152,0.9953311130237152,0.9720409957337385,0.9720409957337385,0.7714663374358054,1.6512616121622774,pairwise_q_fem_disagreement_only,False,False,True
seven_point_star_smooth,smoothed_star_polygon,laplace_dtn,256,final_production_generated_q_custom_fft_metric_repay,volumetric_p1_radial_fan_schur_dtn,O(n log n),O(n),sparse factorization plus dense boundary eigensolve; roughly O(N_mesh^alpha + n^3),O(n^2),O(N_mesh + n^2),0.00020908191800117493,0.3028750652447343,0.30308414716273546,56.36479100212455,0.028084032237529755,56.39287503436208,3073,5888,12,0.9983743248915627,0.9983743248915627,1.0059455863291247,1.0059455863291247,1.7481494737897283,-3.970554081224593e-14,0.9980094476951956,0.9980094476951956,1.0103937736126307,1.0103937736126307,5.66040744520657,658.5901054544637,pairwise_q_fem_disagreement_only,False,False,True
seven_point_star_smooth,smoothed_star_polygon,heat,256,final_production_generated_q_custom_fft_metric_repay,volumetric_p1_radial_fan_schur_dtn,O(n log n),O(n),sparse factorization plus dense boundary eigensolve; roughly O(N_mesh^alpha + n^3),O(n^2),O(N_mesh + n^2),0.00020908191800117493,0.31037500593811274,0.3105840878561139,56.36479100212455,0.11262495536357164,56.47741595748812,3073,5888,12,0.4859426042878666,0.4859426042878666,0.5458415493696354,0.5458415493696354,1.459251180106721,6.656716978044752e-17,0.3900831390718208,0.3900831390718208,0.7202920882318459,0.7202920882318459,1.0063859165423783,0.8558760574843055,pairwise_q_fem_disagreement_only,False,False,True
seven_point_star_smooth,smoothed_star_polygon,poisson,256,final_production_generated_q_custom_fft_metric_repay,volumetric_p1_radial_fan_schur_dtn,O(n log n),O(n),sparse factorization plus dense boundary eigensolve; roughly O(N_mesh^alpha + n^3),O(n^2),O(N_mesh + n^2),0.00020908191800117493,0.302916974760592,0.30312605667859316,56.36479100212455,0.1081250375136733,56.47291603963822,3073,5888,12,0.6714078818482714,0.6714078818482714,0.6765570135096911,0.6765570135096911,2.075951813433547,1.159435325091781e-16,0.4990661193693223,0.4990661193693223,0.5322717310172688,0.5322717310172688,0.45177991858201483,0.7113661459777568,pairwise_q_fem_disagreement_only,False,False,True
seven_point_star_smooth,smoothed_star_polygon,helmholtz,256,final_production_generated_q_custom_fft_metric_repay,volumetric_p1_radial_fan_schur_dtn,O(n log n),O(n),sparse factorization plus dense boundary eigensolve; roughly O(N_mesh^alpha + n^3),O(n^2),O(N_mesh + n^2),0.00020908191800117493,0.3149999538436532,0.3152090357616544,56.36479100212455,0.11725001968443394,56.48204102180898,3073,5888,12,1.57779042146765,1.57779042146765,2.6075271386716943,2.6075271386716943,0.26555210605822915,0.0006396323335979533,0.880909905957705,0.880909905957705,0.83132456393496,0.83132456393496,1.1215911289595906,0.42112428751054826,pairwise_q_fem_disagreement_only,False,False,True
seven_point_star_smooth,smoothed_star_polygon,wave,256,final_production_generated_q_custom_fft_metric_repay,volumetric_p1_radial_fan_schur_dtn,O(n log n),O(n),sparse factorization plus dense boundary eigensolve; roughly O(N_mesh^alpha + n^3),O(n^2),O(N_mesh + n^2),0.00020908191800117493,0.3049588995054364,0.3051679814234376,56.36479100212455,0.10950001887977123,56.47429102100432,3073,5888,12,0.945015039500212,0.945015039500212,0.9680476210710923,0.9680476210710923,1.0395131479800395,9.699135869256382e-17,0.9449331613140621,0.9449331613140621,0.9680207623331502,0.9680207623331502,0.3901374071459659,0.8924709571345592,pairwise_q_fem_disagreement_only,False,False,True
stealth_double_concave_planform,double_concave_polygon_surrogate,laplace_dtn,256,final_production_generated_q_custom_fft_metric_repay,volumetric_p1_radial_fan_schur_dtn,O(n log n),O(n),sparse factorization plus dense boundary eigensolve; roughly O(N_mesh^alpha + n^3),O(n^2),O(N_mesh + n^2),8.300412446260452e-05,0.2944590523838997,0.2945420565083623,52.39175003953278,0.02791709266602993,52.41966713219881,3073,5888,12,0.524356608478429,0.524356608478429,0.5723900320333554,0.5723900320333554,1.4681066108584782,1.5107370480504137e-16,0.43919810250939584,0.43919810250939584,0.5904057198837775,0.5904057198837775,11.674375432528647,24.238971273725095,pairwise_q_fem_disagreement_only,False,False,True
stealth_double_concave_planform,double_concave_polygon_surrogate,heat,256,final_production_generated_q_custom_fft_metric_repay,volumetric_p1_radial_fan_schur_dtn,O(n log n),O(n),sparse factorization plus dense boundary eigensolve; roughly O(N_mesh^alpha + n^3),O(n^2),O(N_mesh + n^2),8.300412446260452e-05,0.3017500275745988,0.3018330316990614,52.39175003953278,0.11262495536357164,52.50437499489635,3073,5888,12,0.468500030888949,0.468500030888949,1.1706852935863086,1.1706852935863086,0.9004245890662973,3.628057701719282e-17,0.45807080539978645,0.45807080539978645,1.012536066571469,1.012536066571469,0.9587736894895089,0.6036721514571931,pairwise_q_fem_disagreement_only,False,False,True
stealth_double_concave_planform,double_concave_polygon_surrogate,poisson,256,final_production_generated_q_custom_fft_metric_repay,volumetric_p1_radial_fan_schur_dtn,O(n log n),O(n),sparse factorization plus dense boundary eigensolve; roughly O(N_mesh^alpha + n^3),O(n^2),O(N_mesh + n^2),8.300412446260452e-05,0.30270894058048725,0.30279194470494986,52.39175003953278,0.09366602171212435,52.485416061244905,3073,5888,12,0.6365540145057729,0.6365540145057729,1.1135095270171604,1.1135095270171604,0.9705376100741346,6.27893143997706e-17,0.6361229287709811,0.6361229287709811,1.0903989745748262,1.0903989745748262,0.4342743200504164,0.3499902441001229,pairwise_q_fem_disagreement_only,False,False,True
stealth_double_concave_planform,double_concave_polygon_surrogate,helmholtz,256,final_production_generated_q_custom_fft_metric_repay,volumetric_p1_radial_fan_schur_dtn,O(n log n),O(n),sparse factorization plus dense boundary eigensolve; roughly O(N_mesh^alpha + n^3),O(n^2),O(N_mesh + n^2),8.300412446260452e-05,0.31816703267395496,0.31825003679841757,52.39175003953278,0.10699999984353781,52.49875003937632,3073,5888,12,0.9647926469119688,0.9647926469119688,1.6958999561348251,1.6958999561348251,0.5183762963677954,0.0005827870067556072,0.7030150432600368,0.7030150432600368,1.0038452621854839,1.0038452621854839,0.7849494662638311,0.5462726416691706,pairwise_q_fem_disagreement_only,False,False,True
stealth_double_concave_planform,double_concave_polygon_surrogate,wave,256,final_production_generated_q_custom_fft_metric_repay,volumetric_p1_radial_fan_schur_dtn,O(n log n),O(n),sparse factorization plus dense boundary eigensolve; roughly O(N_mesh^alpha + n^3),O(n^2),O(N_mesh + n^2),8.300412446260452e-05,0.3322919365018606,0.3323749406263232,52.39175003953278,0.10612502228468657,52.49787506181747,3073,5888,12,0.8275687881982744,0.8275687881982744,0.9438656601774773,0.9438656601774773,1.0866774355729656,3.650390165846477e-16,0.8263487920029012,0.8263487920029012,0.9390000795540798,0.9390000795540798,0.7887066405438135,1.1168960745375998,pairwise_q_fem_disagreement_only,False,False,True
kite_aircraft_planform,aircraft_polygon_surrogate,laplace_dtn,256,final_production_generated_q_custom_fft_metric_repay,volumetric_p1_radial_fan_schur_dtn,O(n log n),O(n),sparse factorization plus dense boundary eigensolve; roughly O(N_mesh^alpha + n^3),O(n^2),O(N_mesh + n^2),0.00016705598682165146,0.29500003438442945,0.2951670903712511,53.30250004772097,0.027999980375170708,53.33050002809614,3073,5888,12,0.4889282804520831,0.4889282804520831,0.9314145384475049,0.9314145384475049,1.1711348103815238,7.240472198949529e-17,0.47164354490181937,0.47164354490181937,0.9534601971943056,0.9534601971943056,8.32356363866996,12.513627322926325,pairwise_q_fem_disagreement_only,False,False,True
kite_aircraft_planform,aircraft_polygon_surrogate,heat,256,final_production_generated_q_custom_fft_metric_repay,volumetric_p1_radial_fan_schur_dtn,O(n log n),O(n),sparse factorization plus dense boundary eigensolve; roughly O(N_mesh^alpha + n^3),O(n^2),O(N_mesh + n^2),0.00016705598682165146,0.31345896422863007,0.3136260202154517,53.30250004772097,0.1140000531449914,53.41650010086596,3073,5888,12,0.4651820075233621,0.4651820075233621,0.6406863317699725,0.6406863317699725,1.126260223118231,1.4693919971398844e-17,0.4543356025378493,0.4543356025378493,0.7413005296196867,0.7413005296196867,0.858374579700985,0.7819593199878674,pairwise_q_fem_disagreement_only,False,False,True
kite_aircraft_planform,aircraft_polygon_surrogate,poisson,256,final_production_generated_q_custom_fft_metric_repay,volumetric_p1_radial_fan_schur_dtn,O(n log n),O(n),sparse factorization plus dense boundary eigensolve; roughly O(N_mesh^alpha + n^3),O(n^2),O(N_mesh + n^2),0.00016705598682165146,0.3073749830946326,0.3075420390814543,53.30250004772097,0.11120806448161602,53.413708112202585,3073,5888,12,0.6333823668999642,0.6333823668999642,0.6343285231751636,0.6343285231751636,1.1965341077356377,3.276706506261341e-17,0.620136702528496,0.620136702528496,0.7798054354449778,0.7798054354449778,0.386500920047715,0.4626357740665388,pairwise_q_fem_disagreement_only,False,False,True
kite_aircraft_planform,aircraft_polygon_surrogate,helmholtz,256,final_production_generated_q_custom_fft_metric_repay,volumetric_p1_radial_fan_schur_dtn,O(n log n),O(n),sparse factorization plus dense boundary eigensolve; roughly O(N_mesh^alpha + n^3),O(n^2),O(N_mesh + n^2),0.00016705598682165146,0.32008299604058266,0.3202500520274043,53.30250004772097,0.11854106560349464,53.42104111332446,3073,5888,12,1.2069670623679636,1.2069670623679636,1.3015641417486337,1.3015641417486337,-2.2744712379851753,-0.1285808215545775,0.7568340470452064,0.7568340470452064,0.8566071948474371,0.8566071948474371,1.094891527139739,2.30767383204525,pairwise_q_fem_disagreement_only,False,False,True
kite_aircraft_planform,aircraft_polygon_surrogate,wave,256,final_production_generated_q_custom_fft_metric_repay,volumetric_p1_radial_fan_schur_dtn,O(n log n),O(n),sparse factorization plus dense boundary eigensolve; roughly O(N_mesh^alpha + n^3),O(n^2),O(N_mesh + n^2),0.00016705598682165146,0.3227080451324582,0.32287510111927986,53.30250004772097,0.11775002349168062,53.42025007121265,3073,5888,12,0.9272958391348036,0.9272958391348036,0.992377665414527,0.992377665414527,0.7130821239689581,-1.1082190678172554e-16,0.9125843611590931,0.9125843611590931,0.9945646494641889,0.9945646494641889,0.5036055771944322,0.7768062445391841,pairwise_q_fem_disagreement_only,False,False,True
naca_like_airfoil_smooth,airfoil_smooth,laplace_dtn,256,final_production_generated_q_custom_fft_metric_repay,volumetric_p1_radial_fan_schur_dtn,O(n log n),O(n),sparse factorization plus dense boundary eigensolve; roughly O(N_mesh^alpha + n^3),O(n^2),O(N_mesh + n^2),0.00016600824892520905,0.29504101257771254,0.29520702082663774,52.71387496031821,0.02816703636199236,52.7420419966802,3073,5888,12,0.09939122517756412,0.09939122517756412,0.1362139922748906,0.1362139922748906,1.070547767474649,1.1570937617713467e-16,0.07456617896275625,0.07456617896275625,0.08641508618703593,0.08641508618703593,7.807693544685828,8.783316398301672,pairwise_q_fem_disagreement_only,False,False,True
naca_like_airfoil_smooth,airfoil_smooth,heat,256,final_production_generated_q_custom_fft_metric_repay,volumetric_p1_radial_fan_schur_dtn,O(n log n),O(n),sparse factorization plus dense boundary eigensolve; roughly O(N_mesh^alpha + n^3),O(n^2),O(N_mesh + n^2),0.00016600824892520905,0.30370906461030245,0.30387507285922766,52.71387496031821,0.11166709009557962,52.82554205041379,3073,5888,12,0.3904839972098328,0.3904839972098328,0.51747538920158,0.51747538920158,1.1295024374421696,4.802973419615544e-17,0.3757500836992235,0.3757500836992235,0.4549872759773503,0.4549872759773503,0.6724837306073876,0.8348155465050843,pairwise_q_fem_disagreement_only,False,False,True
naca_like_airfoil_smooth,airfoil_smooth,poisson,256,final_production_generated_q_custom_fft_metric_repay,volumetric_p1_radial_fan_schur_dtn,O(n log n),O(n),sparse factorization plus dense boundary eigensolve; roughly O(N_mesh^alpha + n^3),O(n^2),O(N_mesh + n^2),0.00016600824892520905,0.3063339972868562,0.3065000055357814,52.71387496031821,0.09458407294005156,52.80845903325826,3073,5888,12,0.7406390007094891,0.7406390007094891,0.6808320467528313,0.6808320467528313,1.1942671814188621,6.684673987961374e-17,0.732308552979095,0.732308552979095,0.6188281880762766,0.6188281880762766,0.3054817434569076,0.576190982066101,pairwise_q_fem_disagreement_only,False,False,True
naca_like_airfoil_smooth,airfoil_smooth,helmholtz,256,final_production_generated_q_custom_fft_metric_repay,volumetric_p1_radial_fan_schur_dtn,O(n log n),O(n),sparse factorization plus dense boundary eigensolve; roughly O(N_mesh^alpha + n^3),O(n^2),O(N_mesh + n^2),0.00016600824892520905,0.32591703347861767,0.3260830417275429,52.71387496031821,0.10054209269583225,52.81441705301404,3073,5888,12,1.386098219563883,1.386098219563883,1.47951854691365,1.47951854691365,-2.007113130748628,-0.07565156850198726,0.5087120979981617,0.5087120979981617,0.7150157838721779,0.7150157838721779,0.6109741675650645,1.1766204692439655,pairwise_q_fem_disagreement_only,False,False,True
naca_like_airfoil_smooth,airfoil_smooth,wave,256,final_production_generated_q_custom_fft_metric_repay,volumetric_p1_radial_fan_schur_dtn,O(n log n),O(n),sparse factorization plus dense boundary eigensolve; roughly O(N_mesh^alpha + n^3),O(n^2),O(N_mesh + n^2),0.00016600824892520905,0.3090419340878725,0.3092079423367977,52.71387496031821,0.10562501847743988,52.81949997879565,3073,5888,12,0.7159242707374531,0.7159242707374531,0.7492875032684702,0.7492875032684702,1.064083912225106,1.786312158125748e-16,0.7146839447103804,0.7146839447103804,0.7689093475603739,0.7689093475603739,0.3722766800250327,0.5183172505284723,pairwise_q_fem_disagreement_only,False,False,True
joukowski_soft_airfoil,airfoil_joukowski_surrogate,laplace_dtn,256,final_production_generated_q_custom_fft_metric_repay,volumetric_p1_radial_fan_schur_dtn,O(n log n),O(n),sparse factorization plus dense boundary eigensolve; roughly O(N_mesh^alpha + n^3),O(n^2),O(N_mesh + n^2),0.00016693957149982452,0.29833405278623104,0.29850099235773087,53.46112500410527,0.027916976250708103,53.48904198035598,3073,5888,12,0.08831891467468016,0.08831891467468016,0.11359014883705018,0.11359014883705018,1.063200679846672,9.793982935634027e-17,0.06543543619134765,0.06543543619134765,0.11889088620994841,0.11889088620994841,8.834274431481568,9.941245874675692,pairwise_q_fem_disagreement_only,False,False,True
joukowski_soft_airfoil,airfoil_joukowski_surrogate,heat,256,final_production_generated_q_custom_fft_metric_repay,volumetric_p1_radial_fan_schur_dtn,O(n log n),O(n),sparse factorization plus dense boundary eigensolve; roughly O(N_mesh^alpha + n^3),O(n^2),O(N_mesh + n^2),0.00016693957149982452,0.3012500237673521,0.30141696333885193,53.46112500410527,0.11133402585983276,53.5724590299651,3073,5888,12,0.2762879362640675,0.2762879362640675,0.4380996408160196,0.4380996408160196,0.9453703893311571,4.170830711129076e-17,0.2706294848030103,0.2706294848030103,0.3853898085220936,0.3853898085220936,0.7381622328345455,0.6816737151844506,pairwise_q_fem_disagreement_only,False,False,True
joukowski_soft_airfoil,airfoil_joukowski_surrogate,poisson,256,final_production_generated_q_custom_fft_metric_repay,volumetric_p1_radial_fan_schur_dtn,O(n log n),O(n),sparse factorization plus dense boundary eigensolve; roughly O(N_mesh^alpha + n^3),O(n^2),O(N_mesh + n^2),0.00016693957149982452,0.31512498389929533,0.31529192347079515,53.46112500410527,0.10087492410093546,53.561999928206205,3073,5888,12,0.3552957123395071,0.3552957123395071,0.5381900899624525,0.5381900899624525,0.9524960816055624,5.350705405107366e-17,0.352216250082009,0.352216250082009,0.4925667108117123,0.4925667108117123,0.3377447654910957,0.3156574229740631,pairwise_q_fem_disagreement_only,False,False,True
joukowski_soft_airfoil,airfoil_joukowski_surrogate,helmholtz,256,final_production_generated_q_custom_fft_metric_repay,volumetric_p1_radial_fan_schur_dtn,O(n log n),O(n),sparse factorization plus dense boundary eigensolve; roughly O(N_mesh^alpha + n^3),O(n^2),O(N_mesh + n^2),0.00016693957149982452,0.31349994242191315,0.31366688199341297,53.46112500410527,0.10795798152685165,53.56908298563212,3073,5888,12,0.555233297430003,0.555233297430003,0.766657740240011,0.766657740240011,0.6934398985410363,0.0014633345798771723,0.37450187964555937,0.37450187964555937,0.4954054972850343,0.4954054972850343,0.7585909570585221,0.4678692186659455,pairwise_q_fem_disagreement_only,False,False,True
joukowski_soft_airfoil,airfoil_joukowski_surrogate,wave,256,final_production_generated_q_custom_fft_metric_repay,volumetric_p1_radial_fan_schur_dtn,O(n log n),O(n),sparse factorization plus dense boundary eigensolve; roughly O(N_mesh^alpha + n^3),O(n^2),O(N_mesh + n^2),0.00016693957149982452,0.30745891854166985,0.30762585811316967,53.46112500410527,0.10562490206211805,53.56674990616739,3073,5888,12,0.4655220685509546,0.4655220685509546,0.4467971028335524,0.4467971028335524,1.1134383119289726,1.6445172641696096e-16,0.4566127116547029,0.4566127116547029,0.48576926455559655,0.48576926455559655,0.43573204061377563,0.6152164038873602,pairwise_q_fem_disagreement_only,False,False,True
thin_cambered_airfoil,airfoil_cambered,laplace_dtn,256,final_production_generated_q_custom_fft_metric_repay,volumetric_p1_radial_fan_schur_dtn,O(n log n),O(n),sparse factorization plus dense boundary eigensolve; roughly O(N_mesh^alpha + n^3),O(n^2),O(N_mesh + n^2),0.0003330642357468605,0.2954159863293171,0.29574905056506395,53.4500420326367,0.027708010748028755,53.47775004338473,3073,5888,12,0.07648721071486413,0.07648721071486413,0.06877251054868044,0.06877251054868044,1.045609284835492,1.2424726924253304e-16,0.06288982761215431,0.06288982761215431,0.07454823993146138,0.07454823993146138,7.44034641013388,7.984423315364712,pairwise_q_fem_disagreement_only,False,False,True
thin_cambered_airfoil,airfoil_cambered,heat,256,final_production_generated_q_custom_fft_metric_repay,volumetric_p1_radial_fan_schur_dtn,O(n log n),O(n),sparse factorization plus dense boundary eigensolve; roughly O(N_mesh^alpha + n^3),O(n^2),O(N_mesh + n^2),0.0003330642357468605,0.30262500513345003,0.3029580693691969,53.4500420326367,0.11408294085413218,53.564124973490834,3073,5888,12,0.30088584910379584,0.30088584910379584,0.4232896135967823,0.4232896135967823,1.2314707846790276,4.1682480088837235e-17,0.23921533959303717,0.23921533959303717,0.3336654112904378,0.3336654112904378,0.6366723138689077,0.755111170626491,pairwise_q_fem_disagreement_only,False,False,True
thin_cambered_airfoil,airfoil_cambered,poisson,256,final_production_generated_q_custom_fft_metric_repay,volumetric_p1_radial_fan_schur_dtn,O(n log n),O(n),sparse factorization plus dense boundary eigensolve; roughly O(N_mesh^alpha + n^3),O(n^2),O(N_mesh + n^2),0.0003330642357468605,0.30395807698369026,0.3042911412194371,53.4500420326367,0.0939579913392663,53.54400002397597,3073,5888,12,0.5682817501543336,0.5682817501543336,0.6235047432809596,0.6235047432809596,1.2881938659335956,5.27807045876181e-17,0.5359774842777246,0.5359774842777246,0.5363809694011752,0.5363809694011752,0.287556718402816,0.445960117021047,pairwise_q_fem_disagreement_only,False,False,True
thin_cambered_airfoil,airfoil_cambered,helmholtz,256,final_production_generated_q_custom_fft_metric_repay,volumetric_p1_radial_fan_schur_dtn,O(n log n),O(n),sparse factorization plus dense boundary eigensolve; roughly O(N_mesh^alpha + n^3),O(n^2),O(N_mesh + n^2),0.0003330642357468605,0.3125000512227416,0.31283311545848846,53.4500420326367,0.10125001426786184,53.551292046904564,3073,5888,12,2.1404562872158177,2.1404562872158177,1.9978428545445635,1.9978428545445635,-0.7962126204995298,-0.01575208465763005,0.35188099864742967,0.35188099864742967,0.5270233812878851,0.5270233812878851,0.5859521811758178,0.45514628053712886,pairwise_q_fem_disagreement_only,False,False,True
thin_cambered_airfoil,airfoil_cambered,wave,256,final_production_generated_q_custom_fft_metric_repay,volumetric_p1_radial_fan_schur_dtn,O(n log n),O(n),sparse factorization plus dense boundary eigensolve; roughly O(N_mesh^alpha + n^3),O(n^2),O(N_mesh + n^2),0.0003330642357468605,0.3159589832648635,0.31629204750061035,53.4500420326367,0.10079098865389824,53.5508330212906,3073,5888,12,0.5945552209366587,0.5945552209366587,0.6826332815251599,0.6826332815251599,1.0734485434462127,1.9207552175238646e-16,0.5919923422447698,0.5919923422447698,0.692537107087655,0.692537107087655,0.31474685354619497,0.39705638553489053,pairwise_q_fem_disagreement_only,False,False,True
gear_star_airfoil_hybrid,multiscale_airfoil_star,laplace_dtn,256,final_production_generated_q_custom_fft_metric_repay,volumetric_p1_radial_fan_schur_dtn,O(n log n),O(n),sparse factorization plus dense boundary eigensolve; roughly O(N_mesh^alpha + n^3),O(n^2),O(N_mesh + n^2),0.000208965502679348,0.2918749814853072,0.29208394698798656,52.963417023420334,0.02791709266602993,52.991334116086364,3073,5888,12,0.4546961261703608,0.4546961261703608,0.7658737555239418,0.7658737555239418,1.0463027414402057,1.70738293354161e-17,0.45298126335831074,0.45298126335831074,0.806886012768848,0.806886012768848,17.24323646344397,14.402915235634321,pairwise_q_fem_disagreement_only,False,False,True
gear_star_airfoil_hybrid,multiscale_airfoil_star,heat,256,final_production_generated_q_custom_fft_metric_repay,volumetric_p1_radial_fan_schur_dtn,O(n log n),O(n),sparse factorization plus dense boundary eigensolve; roughly O(N_mesh^alpha + n^3),O(n^2),O(N_mesh + n^2),0.000208965502679348,0.30516693368554115,0.3053758991882205,52.963417023420334,0.11245801579207182,53.075875039212406,3073,5888,12,0.34912588529840566,0.34912588529840566,1.150120852305658,1.150120852305658,0.9692274555390891,6.422190722049657e-17,0.34785460224008524,0.34785460224008524,1.0896775020163778,1.0896775020163778,1.477325665861009,0.7521269009473708,pairwise_q_fem_disagreement_only,False,False,True
gear_star_airfoil_hybrid,multiscale_airfoil_star,poisson,256,final_production_generated_q_custom_fft_metric_repay,volumetric_p1_radial_fan_schur_dtn,O(n log n),O(n),sparse factorization plus dense boundary eigensolve; roughly O(N_mesh^alpha + n^3),O(n^2),O(N_mesh + n^2),0.000208965502679348,0.3080829046666622,0.30829187016934156,52.963417023420334,0.0932089751586318,53.056625998578966,3073,5888,12,0.3620109203461055,0.3620109203461055,0.9684273103320381,0.9684273103320381,1.0045690873067943,7.393378473569638e-17,0.3619860909967419,0.3619860909967419,0.9766614805535274,0.9766614805535274,0.6785757592137551,0.3765372593379709,pairwise_q_fem_disagreement_only,False,False,True
gear_star_airfoil_hybrid,multiscale_airfoil_star,helmholtz,256,final_production_generated_q_custom_fft_metric_repay,volumetric_p1_radial_fan_schur_dtn,O(n log n),O(n),sparse factorization plus dense boundary eigensolve; roughly O(N_mesh^alpha + n^3),O(n^2),O(N_mesh + n^2),0.000208965502679348,0.31441706232726574,0.3146260278299451,52.963417023420334,0.10383396875113249,53.067250992171466,3073,5888,12,1.3550316469626886,1.3550316469626886,1.3578537268585082,1.3578537268585082,-1.9725452728920512,-0.08250501221316808,0.5839296617259745,0.5839296617259745,0.9442695287729743,0.9442695287729743,1.405355776503472,1.8154448104753835,pairwise_q_fem_disagreement_only,False,False,True
gear_star_airfoil_hybrid,multiscale_airfoil_star,wave,256,final_production_generated_q_custom_fft_metric_repay,volumetric_p1_radial_fan_schur_dtn,O(n log n),O(n),sparse factorization plus dense boundary eigensolve; roughly O(N_mesh^alpha + n^3),O(n^2),O(N_mesh + n^2),0.000208965502679348,0.3149580443277955,0.31516700983047485,52.963417023420334,0.1014170702546835,53.06483409367502,3073,5888,12,0.7050381445403578,0.7050381445403578,0.878340186047117,0.878340186047117,0.9796530267812696,1.1591031618462282e-16,0.7048842060573193,0.7048842060573193,0.8570739769726472,0.8570739769726472,0.6210442541417196,0.5941995003631337,pairwise_q_fem_disagreement_only,False,False,True
gww_left_smooth_surrogate,gww_pair_surrogate,laplace_dtn,256,final_production_generated_q_custom_fft_metric_repay,volumetric_p1_radial_fan_schur_dtn,O(n log n),O(n),sparse factorization plus dense boundary eigensolve; roughly O(N_mesh^alpha + n^3),O(n^2),O(N_mesh + n^2),0.0003330642357468605,0.30387507285922766,0.3042081370949745,53.27108397614211,0.028125010430812836,53.29920898657292,3073,5888,12,0.38471473173711584,0.38471473173711584,0.6543795596401254,0.6543795596401254,1.2116884346293089,-9.341761081664968e-18,0.34811232054995395,0.34811232054995395,0.6887871727774382,0.6887871727774382,9.07758350526592,10.239794567187612,pairwise_q_fem_disagreement_only,False,False,True
gww_left_smooth_surrogate,gww_pair_surrogate,heat,256,final_production_generated_q_custom_fft_metric_repay,volumetric_p1_radial_fan_schur_dtn,O(n log n),O(n),sparse factorization plus dense boundary eigensolve; roughly O(N_mesh^alpha + n^3),O(n^2),O(N_mesh + n^2),0.0003330642357468605,0.30562502797693014,0.305958092212677,53.27108397614211,0.11595897376537323,53.38704294990748,3073,5888,12,0.4249932067107924,0.4249932067107924,0.6560854431830007,0.6560854431830007,0.905603283367283,8.987513375836541e-17,0.41426886877710534,0.41426886877710534,0.5749521636859821,0.5749521636859821,0.6743918811105531,0.6153156989757113,pairwise_q_fem_disagreement_only,False,False,True
gww_left_smooth_surrogate,gww_pair_surrogate,poisson,256,final_production_generated_q_custom_fft_metric_repay,volumetric_p1_radial_fan_schur_dtn,O(n log n),O(n),sparse factorization plus dense boundary eigensolve; roughly O(N_mesh^alpha + n^3),O(n^2),O(N_mesh + n^2),0.0003330642357468605,0.30058296397328377,0.30091602820903063,53.27108397614211,0.1092919846996665,53.380375960841775,3073,5888,12,0.5266540465791779,0.5266540465791779,0.5784724204188284,0.5784724204188284,0.9336891627229569,1.464975822043567e-16,0.5231645280639692,0.5231645280639692,0.562050382621773,0.562050382621773,0.30384856125176396,0.3338415992229909,pairwise_q_fem_disagreement_only,False,False,True
gww_left_smooth_surrogate,gww_pair_surrogate,helmholtz,256,final_production_generated_q_custom_fft_metric_repay,volumetric_p1_radial_fan_schur_dtn,O(n log n),O(n),sparse factorization plus dense boundary eigensolve; roughly O(N_mesh^alpha + n^3),O(n^2),O(N_mesh + n^2),0.0003330642357468605,0.3119580214843154,0.31229108572006226,53.27108397614211,0.11700007598847151,53.38808405213058,3073,5888,12,2.3635046816003142,2.3635046816003142,2.6765684633634916,2.6765684633634916,0.25362542245443015,0.0018306079336727896,0.6334588101067806,0.6334588101067806,0.8752274054117422,0.8752274054117422,0.6428252534724368,0.23758036030843363,pairwise_q_fem_disagreement_only,False,False,True
gww_left_smooth_surrogate,gww_pair_surrogate,wave,256,final_production_generated_q_custom_fft_metric_repay,volumetric_p1_radial_fan_schur_dtn,O(n log n),O(n),sparse factorization plus dense boundary eigensolve; roughly O(N_mesh^alpha + n^3),O(n^2),O(N_mesh + n^2),0.0003330642357468605,0.319667044095695,0.3200001083314419,53.27108397614211,0.11899997480213642,53.390083950944245,3073,5888,12,0.8416307160210733,0.8416307160210733,0.8650219270131754,0.8650219270131754,0.8469854174387641,-8.381329975296205e-17,0.8357644393288867,0.8357644393288867,0.8131597946728203,0.8131597946728203,0.5677054358964692,0.630540745350281,pairwise_q_fem_disagreement_only,False,False,True
gww_right_smooth_surrogate,gww_pair_surrogate,laplace_dtn,256,final_production_generated_q_custom_fft_metric_repay,volumetric_p1_radial_fan_schur_dtn,O(n log n),O(n),sparse factorization plus dense boundary eigensolve; roughly O(N_mesh^alpha + n^3),O(n^2),O(N_mesh + n^2),0.000208965502679348,0.2958329860121012,0.2960419515147805,52.83874995075166,0.027957954443991184,52.86670790519565,3073,5888,12,0.6449850936182443,0.6449850936182443,0.6750924630071451,0.6750924630071451,0.85107436716471,2.757753910279377e-16,0.6305228666409565,0.6305228666409565,0.6323525404920566,0.6323525404920566,42.958115538868135,48.51937593647497,pairwise_q_fem_disagreement_only,False,False,True
gww_right_smooth_surrogate,gww_pair_surrogate,heat,256,final_production_generated_q_custom_fft_metric_repay,volumetric_p1_radial_fan_schur_dtn,O(n log n),O(n),sparse factorization plus dense boundary eigensolve; roughly O(N_mesh^alpha + n^3),O(n^2),O(N_mesh + n^2),0.000208965502679348,0.30645797960460186,0.3066669451072812,52.83874995075166,0.1129999291151762,52.95174987986684,3073,5888,12,0.6246506486427421,0.6246506486427421,4.663120967226685,4.663120967226685,0.7280842690238041,-3.7275009894044624e-18,0.5397656976264839,0.5397656976264839,3.123229289816619,3.123229289816619,4.086038718888649,0.7215171179523018,pairwise_q_fem_disagreement_only,False,False,True
gww_right_smooth_surrogate,gww_pair_surrogate,poisson,256,final_production_generated_q_custom_fft_metric_repay,volumetric_p1_radial_fan_schur_dtn,O(n log n),O(n),sparse factorization plus dense boundary eigensolve; roughly O(N_mesh^alpha + n^3),O(n^2),O(N_mesh + n^2),0.000208965502679348,0.30637497548013926,0.3065839409828186,52.83874995075166,0.10904204100370407,52.947791991755366,3073,5888,12,0.6579621799405962,0.6579621799405962,3.9520713131211442,3.9520713131211442,0.8077562771561752,3.4356245449533685e-18,0.6315570476295973,0.6315570476295973,3.026825401958601,3.026825401958601,1.857108758147753,0.3858622849179792,pairwise_q_fem_disagreement_only,False,False,True
gww_right_smooth_surrogate,gww_pair_surrogate,helmholtz,256,final_production_generated_q_custom_fft_metric_repay,volumetric_p1_radial_fan_schur_dtn,O(n log n),O(n),sparse factorization plus dense boundary eigensolve; roughly O(N_mesh^alpha + n^3),O(n^2),O(N_mesh + n^2),0.000208965502679348,0.321374973282218,0.3215839387848973,52.83874995075166,0.11737504974007607,52.95612500049174,3073,5888,12,1.3464815192928636,1.3464815192928636,4.108236789275831,4.108236789275831,0.12371552471252117,-0.009862602159780536,0.9916451494448434,0.9916451494448434,0.951433553892306,0.951433553892306,3.7304489832889365,0.8781750337871949,pairwise_q_fem_disagreement_only,False,False,True
gww_right_smooth_surrogate,gww_pair_surrogate,wave,256,final_production_generated_q_custom_fft_metric_repay,volumetric_p1_radial_fan_schur_dtn,O(n log n),O(n),sparse factorization plus dense boundary eigensolve; roughly O(N_mesh^alpha + n^3),O(n^2),O(N_mesh + n^2),0.000208965502679348,0.32062502577900887,0.3208339912816882,52.83874995075166,0.12041605077683926,52.9591660015285,3073,5888,12,0.8830871735632392,0.8830871735632392,2.3102182883755384,2.3102182883755384,0.7421803340167492,2.0121282397398047e-16,0.8658116542319442,0.8658116542319442,1.7608075944330415,1.7608075944330415,1.5177306388515803,0.7122191298340748,pairwise_q_fem_disagreement_only,False,False,True
asymmetric_boomerang,deep_nonconvex_smooth,laplace_dtn,256,final_production_generated_q_custom_fft_metric_repay,volumetric_p1_radial_fan_schur_dtn,O(n log n),O(n),sparse factorization plus dense boundary eigensolve; roughly O(N_mesh^alpha + n^3),O(n^2),O(N_mesh + n^2),8.405186235904694e-05,0.2917080419138074,0.29179209377616644,52.641832968220115,0.027792062610387802,52.6696250308305,3073,5888,12,0.46669723817039455,0.46669723817039455,0.9629277658525156,0.9629277658525156,1.2907746432315033,-2.7883526581249753e-17,0.41951174580839035,0.41951174580839035,1.0072509109988521,1.0072509109988521,7.762074680329425,13.889244581188503,pairwise_q_fem_disagreement_only,False,False,True
asymmetric_boomerang,deep_nonconvex_smooth,heat,256,final_production_generated_q_custom_fft_metric_repay,volumetric_p1_radial_fan_schur_dtn,O(n log n),O(n),sparse factorization plus dense boundary eigensolve; roughly O(N_mesh^alpha + n^3),O(n^2),O(N_mesh + n^2),8.405186235904694e-05,0.30208402313292027,0.3021680749952793,52.641832968220115,0.11254195123910904,52.754374919459224,3073,5888,12,0.4432077610306291,0.4432077610306291,0.9241198490268947,0.9241198490268947,0.9910088374331935,1.0893052908551884e-16,0.44313312755964557,0.44313312755964557,0.9139287282888656,0.9139287282888656,0.7906943042716711,0.6975936418676466,pairwise_q_fem_disagreement_only,False,False,True
asymmetric_boomerang,deep_nonconvex_smooth,poisson,256,final_production_generated_q_custom_fft_metric_repay,volumetric_p1_radial_fan_schur_dtn,O(n log n),O(n),sparse factorization plus dense boundary eigensolve; roughly O(N_mesh^alpha + n^3),O(n^2),O(N_mesh + n^2),8.405186235904694e-05,0.3070420352742076,0.30712608713656664,52.641832968220115,0.10662502609193325,52.74845799431205,3073,5888,12,0.5931278373201153,0.5931278373201153,1.0125863244791606,1.0125863244791606,1.0483570595184322,1.2659851676428076e-16,0.5919616083974475,0.5919616083974475,1.056013530872012,1.056013530872012,0.3516770672417727,0.39159942083397453,pairwise_q_fem_disagreement_only,False,False,True
asymmetric_boomerang,deep_nonconvex_smooth,helmholtz,256,final_production_generated_q_custom_fft_metric_repay,volumetric_p1_radial_fan_schur_dtn,O(n log n),O(n),sparse factorization plus dense boundary eigensolve; roughly O(N_mesh^alpha + n^3),O(n^2),O(N_mesh + n^2),8.405186235904694e-05,0.3076250432059169,0.30770909506827593,52.641832968220115,0.11391600128263235,52.75574896950275,3073,5888,12,2.3980885655197346,2.3980885655197346,2.5664500888489146,2.5664500888489146,0.17711961206975393,0.0007837613660457701,0.8770393510228826,0.8770393510228826,0.9979722528011922,0.9979722528011922,0.7491581191231702,0.32064455798471175,pairwise_q_fem_disagreement_only,False,False,True
asymmetric_boomerang,deep_nonconvex_smooth,wave,256,final_production_generated_q_custom_fft_metric_repay,volumetric_p1_radial_fan_schur_dtn,O(n log n),O(n),sparse factorization plus dense boundary eigensolve; roughly O(N_mesh^alpha + n^3),O(n^2),O(N_mesh + n^2),8.405186235904694e-05,0.31104194931685925,0.3111260011792183,52.641832968220115,0.11466699652373791,52.75649996474385,3073,5888,12,0.9319751947912813,0.9319751947912813,1.0539897233643505,1.0539897233643505,0.6765437637764046,-1.317952121337548e-16,0.9108434707273555,0.9108434707273555,1.031134353192703,1.031134353192703,0.4950591664654666,0.772936214300273,pairwise_q_fem_disagreement_only,False,False,True
multi_notch_rounded_polygon,multi_corner_surrogate,laplace_dtn,256,final_production_generated_q_custom_fft_metric_repay,volumetric_p1_radial_fan_schur_dtn,O(n log n),O(n),sparse factorization plus dense boundary eigensolve; roughly O(N_mesh^alpha + n^3),O(n^2),O(N_mesh + n^2),0.0002080341801047325,0.2970419591292739,0.2972499933093786,52.66812490299344,0.028292066417634487,52.696416969411075,3073,5888,12,0.8694299630651458,0.8694299630651458,0.8505666404526603,0.8505666404526603,0.9947512411293379,-4.4218144739272084e-16,0.8694260547870487,0.8694260547870487,0.8513509801241573,0.8513509801241573,37.98917135473381,99.73062736058498,pairwise_q_fem_disagreement_only,False,False,True
multi_notch_rounded_polygon,multi_corner_surrogate,heat,256,final_production_generated_q_custom_fft_metric_repay,volumetric_p1_radial_fan_schur_dtn,O(n log n),O(n),sparse factorization plus dense boundary eigensolve; roughly O(N_mesh^alpha + n^3),O(n^2),O(N_mesh + n^2),0.0002080341801047325,0.30745798721909523,0.30766602139919996,52.66812490299344,0.11333392467349768,52.78145882766694,3073,5888,12,0.6160756200107244,0.6160756200107244,3.817332287425848,3.817332287425848,0.8555894605728613,5.72495858972757e-17,0.6011283139443606,0.6011283139443606,3.152831801427212,3.152831801427212,4.078578037208036,0.8863645202060878,pairwise_q_fem_disagreement_only,False,False,True
multi_notch_rounded_polygon,multi_corner_surrogate,poisson,256,final_production_generated_q_custom_fft_metric_repay,volumetric_p1_radial_fan_schur_dtn,O(n log n),O(n),sparse factorization plus dense boundary eigensolve; roughly O(N_mesh^alpha + n^3),O(n^2),O(N_mesh + n^2),0.0002080341801047325,0.30579196754842997,0.3060000017285347,52.66812490299344,0.10416691657155752,52.772291819565,3073,5888,12,0.9235183516883988,0.9235183516883988,2.2985976324284745,2.2985976324284745,0.983864457316641,8.40018577800595e-17,0.9234969229540055,0.9234969229540055,2.260058318775785,2.260058318775785,1.8400843910461695,0.7704018940315566,pairwise_q_fem_disagreement_only,False,False,True
multi_notch_rounded_polygon,multi_corner_surrogate,helmholtz,256,final_production_generated_q_custom_fft_metric_repay,volumetric_p1_radial_fan_schur_dtn,O(n log n),O(n),sparse factorization plus dense boundary eigensolve; roughly O(N_mesh^alpha + n^3),O(n^2),O(N_mesh + n^2),0.0002080341801047325,0.31029200181365013,0.31050003599375486,52.66812490299344,0.10970805305987597,52.77783295605332,3073,5888,12,3.320397152051178,3.320397152051178,9.816382571149713,9.816382571149713,-0.232976932605191,-0.0038581062799371776,0.7929137722971925,0.7929137722971925,1.260024532865493,1.260024532865493,3.668011854358538,0.4083142651087442,pairwise_q_fem_disagreement_only,False,False,True
multi_notch_rounded_polygon,multi_corner_surrogate,wave,256,final_production_generated_q_custom_fft_metric_repay,volumetric_p1_radial_fan_schur_dtn,O(n log n),O(n),sparse factorization plus dense boundary eigensolve; roughly O(N_mesh^alpha + n^3),O(n^2),O(N_mesh + n^2),0.0002080341801047325,0.3082500770688057,0.3084581112489104,52.66812490299344,0.11149991769343615,52.77962482068688,3073,5888,12,0.9195183080760122,0.9195183080760122,1.3490488973535981,1.3490488973535981,0.8793935736471159,6.086144091669078e-17,0.9179065468561672,0.9179065468561672,1.2322986194687915,1.2322986194687915,0.953840909334346,0.985345349648812,pairwise_q_fem_disagreement_only,False,False,True
