shape,family,n,operation,ms,build_ms,work_units_reported,fft_work_units_estimate,generated_q_residual,dense_q_matrix_stored
circle,baseline,256,pde_laplace_dtn,0.5248329835012555,1.7849160358309746,256,2048,2.7835660134573066e-14,False
circle,baseline,256,pde_heat,0.48041692934930325,1.7849160358309746,256,2048,6.535229694528463e-15,False
circle,baseline,256,pde_poisson,0.44595799408853054,1.7849160358309746,256,2048,6.5567993742798864e-15,False
circle,baseline,256,pde_helmholtz,0.44704193715006113,1.7849160358309746,256,2048,6.5746063977243655e-15,False
circle,baseline,256,pde_wave,0.44262490700930357,1.7849160358309746,256,2048,6.517710887362198e-15,False
circle,baseline,256,q_bgk4,0.7859579054638743,0.0,2048,2048,1.4699904596510107e-15,False
circle,baseline,256,pde_batch_all5,2.340874751098454,1.7849160358309746,1280,10240,2.7835660134573066e-14,False
circle,baseline,512,pde_laplace_dtn,0.9336249204352498,3.108207951299846,512,4608,6.992766471718715e-14,False
circle,baseline,512,pde_heat,0.9043329628184438,3.108207951299846,512,4608,1.2387223989318853e-14,False
circle,baseline,512,pde_poisson,0.9055410046130419,3.108207951299846,512,4608,1.2282178312589265e-14,False
circle,baseline,512,pde_helmholtz,0.8972079958766699,3.108207951299846,512,4608,1.2378406212799454e-14,False
circle,baseline,512,pde_wave,0.8975829696282744,3.108207951299846,512,4608,1.2490605523502077e-14,False
circle,baseline,512,q_bgk4,1.5479580033570528,0.0,4608,4608,2.2615237840784778e-15,False
circle,baseline,512,pde_batch_all5,4.53828985337168,3.108207951299846,2560,23040,6.992766471718715e-14,False
circle,baseline,1024,pde_laplace_dtn,1.9110830035060644,6.312957964837551,1024,10240,2.1859685327017716e-13,False
circle,baseline,1024,pde_heat,1.8726249691098928,6.312957964837551,1024,10240,2.3347882234590553e-14,False
circle,baseline,1024,pde_poisson,1.870624953880906,6.312957964837551,1024,10240,2.330766330806144e-14,False
circle,baseline,1024,pde_helmholtz,1.8495420226827264,6.312957964837551,1024,10240,2.3317520601272852e-14,False
circle,baseline,1024,pde_wave,1.8704159883782268,6.312957964837551,1024,10240,2.3377741542790605e-14,False
circle,baseline,1024,q_bgk4,3.1225839629769325,0.0,10240,10240,2.2615237840784778e-15,False
circle,baseline,1024,pde_batch_all5,9.374290937557817,6.312957964837551,5120,51200,2.1859685327017716e-13,False
circle,baseline,2048,pde_laplace_dtn,3.9700830820947886,12.28999998420477,2048,22528,5.756945445658266e-13,False
circle,baseline,2048,pde_heat,3.867749939672649,12.28999998420477,2048,22528,4.361495888494168e-15,False
circle,baseline,2048,pde_poisson,3.905292018316686,12.28999998420477,2048,22528,4.473466952772953e-15,False
circle,baseline,2048,pde_helmholtz,3.8784999633207917,12.28999998420477,2048,22528,4.368601439145159e-15,False
circle,baseline,2048,pde_wave,3.938750014640391,12.28999998420477,2048,22528,4.303120535208859e-15,False
circle,baseline,2048,q_bgk4,6.3016669591888785,0.0,22528,22528,2.148447594874554e-15,False
circle,baseline,2048,pde_batch_all5,19.560375018045306,12.28999998420477,10240,112640,5.756945445658266e-13,False
circle,baseline,4096,pde_laplace_dtn,8.180749951861799,30.21970798727125,4096,49152,3.5764293461211647e-12,False
circle,baseline,4096,pde_heat,8.163791033439338,30.21970798727125,4096,49152,5.954635734045134e-14,False
circle,baseline,4096,pde_poisson,8.06204101536423,30.21970798727125,4096,49152,5.947206160698825e-14,False
circle,baseline,4096,pde_helmholtz,8.114249911159277,30.21970798727125,4096,49152,5.949982945127085e-14,False
circle,baseline,4096,pde_wave,8.139541954733431,30.21970798727125,4096,49152,5.963420112697772e-14,False
circle,baseline,4096,q_bgk4,12.908541015349329,0.0,49152,49152,2.0353714056706303e-15,False
circle,baseline,4096,pde_batch_all5,40.660373866558075,30.21970798727125,20480,245760,3.5764293461211647e-12,False
golden_ellipse,closed_form_conic,256,pde_laplace_dtn,0.4842500202357769,2.9577079694718122,256,2048,2.7569809507165895e-14,False
golden_ellipse,closed_form_conic,256,pde_heat,0.45383395627141,2.9577079694718122,256,2048,6.535229694528463e-15,False
golden_ellipse,closed_form_conic,256,pde_poisson,0.4379580495879054,2.9577079694718122,256,2048,6.5567993742798864e-15,False
golden_ellipse,closed_form_conic,256,pde_helmholtz,0.441292067989707,2.9577079694718122,256,2048,6.5746063977243655e-15,False
golden_ellipse,closed_form_conic,256,pde_wave,0.4425420193001628,2.9577079694718122,256,2048,6.517710887362198e-15,False
golden_ellipse,closed_form_conic,256,q_bgk4,1.1160419089719653,0.0,2048,2048,9.150118528059927e-16,False
golden_ellipse,closed_form_conic,256,pde_batch_all5,2.259876113384962,2.9577079694718122,1280,10240,2.7569809507165895e-14,False
golden_ellipse,closed_form_conic,512,pde_laplace_dtn,0.9160420158877969,5.528709036298096,512,4608,6.981912507492952e-14,False
golden_ellipse,closed_form_conic,512,pde_heat,0.9164579678326845,5.528709036298096,512,4608,1.2387223989318853e-14,False
golden_ellipse,closed_form_conic,512,pde_poisson,0.8952079806476831,5.528709036298096,512,4608,1.2282178312589265e-14,False
golden_ellipse,closed_form_conic,512,pde_helmholtz,0.89366699103266,5.528709036298096,512,4608,1.2378406212799454e-14,False
golden_ellipse,closed_form_conic,512,pde_wave,0.9016669355332851,5.528709036298096,512,4608,1.2490605523502077e-14,False
golden_ellipse,closed_form_conic,512,q_bgk4,2.2015420254319906,0.0,4608,4608,4.575059264029964e-16,False
golden_ellipse,closed_form_conic,512,pde_batch_all5,4.52304189093411,5.528709036298096,2560,23040,6.981912507492952e-14,False
golden_ellipse,closed_form_conic,1024,pde_laplace_dtn,1.9084169762209058,11.12466596532613,1024,10240,2.19306679545309e-13,False
golden_ellipse,closed_form_conic,1024,pde_heat,1.863999990746379,11.12466596532613,1024,10240,2.3347882234590553e-14,False
golden_ellipse,closed_form_conic,1024,pde_poisson,1.8624169752001762,11.12466596532613,1024,10240,2.330766330806144e-14,False
golden_ellipse,closed_form_conic,1024,pde_helmholtz,1.8629999831318855,11.12466596532613,1024,10240,2.3317520601272852e-14,False
golden_ellipse,closed_form_conic,1024,pde_wave,1.8622910138219595,11.12466596532613,1024,10240,2.3377741542790605e-14,False
golden_ellipse,closed_form_conic,1024,q_bgk4,4.450500011444092,0.0,10240,10240,2.287529632014982e-16,False
golden_ellipse,closed_form_conic,1024,pde_batch_all5,9.360124939121306,11.12466596532613,5120,51200,2.19306679545309e-13,False
golden_ellipse,closed_form_conic,2048,pde_laplace_dtn,4.082083003595471,22.384291049093008,2048,22528,5.758815552618889e-13,False
golden_ellipse,closed_form_conic,2048,pde_heat,4.022833076305687,22.384291049093008,2048,22528,4.361495888494168e-15,False
golden_ellipse,closed_form_conic,2048,pde_poisson,3.959959023632109,22.384291049093008,2048,22528,4.473466952772953e-15,False
golden_ellipse,closed_form_conic,2048,pde_helmholtz,3.8844580994918942,22.384291049093008,2048,22528,4.368601439145159e-15,False
golden_ellipse,closed_form_conic,2048,pde_wave,4.008041927590966,22.384291049093008,2048,22528,4.303120535208859e-15,False
golden_ellipse,closed_form_conic,2048,q_bgk4,8.950749994255602,0.0,22528,22528,1.143764816007491e-16,False
golden_ellipse,closed_form_conic,2048,pde_batch_all5,19.95737513061613,22.384291049093008,10240,112640,5.758815552618889e-13,False
golden_ellipse,closed_form_conic,4096,pde_laplace_dtn,8.229084080085158,44.55262504052371,4096,49152,3.5764322119833934e-12,False
golden_ellipse,closed_form_conic,4096,pde_heat,8.14429100137204,44.55262504052371,4096,49152,5.954635734045134e-14,False
golden_ellipse,closed_form_conic,4096,pde_poisson,8.084832923486829,44.55262504052371,4096,49152,5.947206160698825e-14,False
golden_ellipse,closed_form_conic,4096,pde_helmholtz,8.148291031830013,44.55262504052371,4096,49152,5.949982945127085e-14,False
golden_ellipse,closed_form_conic,4096,pde_wave,8.154041948728263,44.55262504052371,4096,49152,5.963420112697772e-14,False
golden_ellipse,closed_form_conic,4096,q_bgk4,18.096750020049512,0.0,49152,49152,5.718824080037455e-16,False
golden_ellipse,closed_form_conic,4096,pde_batch_all5,40.7605409855023,44.55262504052371,20480,245760,3.5764322119833934e-12,False
eccentric_ellipse,closed_form_conic,256,pde_laplace_dtn,0.48391707241535187,3.025125013664365,256,2048,2.6959745563471374e-14,False
eccentric_ellipse,closed_form_conic,256,pde_heat,0.4484590608626604,3.025125013664365,256,2048,6.535229694528463e-15,False
eccentric_ellipse,closed_form_conic,256,pde_poisson,0.4419590113684535,3.025125013664365,256,2048,6.5567993742798864e-15,False
eccentric_ellipse,closed_form_conic,256,pde_helmholtz,0.4449170082807541,3.025125013664365,256,2048,6.5746063977243655e-15,False
eccentric_ellipse,closed_form_conic,256,pde_wave,0.4457089817151427,3.025125013664365,256,2048,6.517710887362198e-15,False
eccentric_ellipse,closed_form_conic,256,q_bgk4,1.1311250273138285,0.0,2048,2048,3.7402499190778035e-15,False
eccentric_ellipse,closed_form_conic,256,pde_batch_all5,2.2649611346423626,3.025125013664365,1280,10240,2.6959745563471374e-14,False
eccentric_ellipse,closed_form_conic,512,pde_laplace_dtn,0.9257500059902668,5.605833954177797,512,4608,6.956428720697546e-14,False
eccentric_ellipse,closed_form_conic,512,pde_heat,0.9104999480769038,5.605833954177797,512,4608,1.2387223989318853e-14,False
eccentric_ellipse,closed_form_conic,512,pde_poisson,0.9055419359356165,5.605833954177797,512,4608,1.2282178312589265e-14,False
eccentric_ellipse,closed_form_conic,512,pde_helmholtz,0.9176250314339995,5.605833954177797,512,4608,1.2378406212799454e-14,False
eccentric_ellipse,closed_form_conic,512,pde_wave,0.9280829690396786,5.605833954177797,512,4608,1.2490605523502077e-14,False
eccentric_ellipse,closed_form_conic,512,q_bgk4,2.257209038361907,0.0,4608,4608,4.7875198964195885e-15,False
eccentric_ellipse,closed_form_conic,512,pde_batch_all5,4.587499890476465,5.605833954177797,2560,23040,6.956428720697546e-14,False
eccentric_ellipse,closed_form_conic,1024,pde_laplace_dtn,1.8781250109896064,11.249291012063622,1024,10240,2.2038441473063367e-13,False
eccentric_ellipse,closed_form_conic,1024,pde_heat,1.8739169463515282,11.249291012063622,1024,10240,2.3347882234590553e-14,False
eccentric_ellipse,closed_form_conic,1024,pde_poisson,1.8415419617667794,11.249291012063622,1024,10240,2.330766330806144e-14,False
eccentric_ellipse,closed_form_conic,1024,pde_helmholtz,1.85104098636657,11.249291012063622,1024,10240,2.3317520601272852e-14,False
eccentric_ellipse,closed_form_conic,1024,pde_wave,1.8656660104170442,11.249291012063622,1024,10240,2.3377741542790605e-14,False
eccentric_ellipse,closed_form_conic,1024,q_bgk4,4.555125022307038,0.0,10240,10240,4.488299902893364e-15,False
eccentric_ellipse,closed_form_conic,1024,pde_batch_all5,9.310290915891528,11.249291012063622,5120,51200,2.2038441473063367e-13,False
eccentric_ellipse,closed_form_conic,2048,pde_laplace_dtn,3.987874952144921,22.853084024973214,2048,22528,5.755085751359921e-13,False
eccentric_ellipse,closed_form_conic,2048,pde_heat,3.8735830457881093,22.853084024973214,2048,22528,4.361495888494168e-15,False
eccentric_ellipse,closed_form_conic,2048,pde_poisson,3.8641670253127813,22.853084024973214,2048,22528,4.473466952772953e-15,False
eccentric_ellipse,closed_form_conic,2048,pde_helmholtz,3.8597501115873456,22.853084024973214,2048,22528,4.368601439145159e-15,False
eccentric_ellipse,closed_form_conic,2048,pde_wave,3.9034170331433415,22.853084024973214,2048,22528,4.303120535208859e-15,False
eccentric_ellipse,closed_form_conic,2048,q_bgk4,9.169999975711107,0.0,22528,22528,4.488299902893365e-16,False
eccentric_ellipse,closed_form_conic,2048,pde_batch_all5,19.4887921679765,22.853084024973214,10240,112640,5.755085751359921e-13,False
eccentric_ellipse,closed_form_conic,4096,pde_laplace_dtn,8.137458004057407,44.894165941514075,4096,49152,3.5714850082971786e-12,False
eccentric_ellipse,closed_form_conic,4096,pde_heat,8.051125099882483,44.894165941514075,4096,49152,5.954635734045134e-14,False
eccentric_ellipse,closed_form_conic,4096,pde_poisson,8.03149992134422,44.894165941514075,4096,49152,5.947206160698825e-14,False
eccentric_ellipse,closed_form_conic,4096,pde_helmholtz,8.093499927781522,44.894165941514075,4096,49152,5.949982945127085e-14,False
eccentric_ellipse,closed_form_conic,4096,pde_wave,8.132916991598904,44.894165941514075,4096,49152,5.963420112697772e-14,False
eccentric_ellipse,closed_form_conic,4096,q_bgk4,18.514708033762872,0.0,49152,49152,3.590639922314692e-15,False
eccentric_ellipse,closed_form_conic,4096,pde_batch_all5,40.44649994466454,44.894165941514075,20480,245760,3.5714850082971786e-12,False
three_petal,smooth_nonconvex,256,pde_laplace_dtn,0.4734999965876341,2.974832896143198,256,2048,2.6378355132782055e-14,False
three_petal,smooth_nonconvex,256,pde_heat,0.4440000047907233,2.974832896143198,256,2048,6.535229694528463e-15,False
three_petal,smooth_nonconvex,256,pde_poisson,0.43999997433274984,2.974832896143198,256,2048,6.5567993742798864e-15,False
three_petal,smooth_nonconvex,256,pde_helmholtz,0.43995899613946676,2.974832896143198,256,2048,6.5746063977243655e-15,False
three_petal,smooth_nonconvex,256,pde_wave,0.4439579788595438,2.974832896143198,256,2048,6.517710887362198e-15,False
three_petal,smooth_nonconvex,256,q_bgk4,1.4705000212416053,0.0,2048,2048,1.1204030962925498e-15,False
three_petal,smooth_nonconvex,256,pde_batch_all5,2.241416950710118,2.974832896143198,1280,10240,2.6378355132782055e-14,False
three_petal,smooth_nonconvex,512,pde_laplace_dtn,0.9409579215571284,5.6437921011820436,512,4608,6.960672991975155e-14,False
three_petal,smooth_nonconvex,512,pde_heat,0.9185000089928508,5.6437921011820436,512,4608,1.2387223989318853e-14,False
three_petal,smooth_nonconvex,512,pde_poisson,0.900916988030076,5.6437921011820436,512,4608,1.2282178312589265e-14,False
three_petal,smooth_nonconvex,512,pde_helmholtz,0.9042080491781235,5.6437921011820436,512,4608,1.2378406212799454e-14,False
three_petal,smooth_nonconvex,512,pde_wave,0.9284999687224627,5.6437921011820436,512,4608,1.2490605523502077e-14,False
three_petal,smooth_nonconvex,512,q_bgk4,2.925375010818243,0.0,4608,4608,1.3071369456746415e-15,False
three_petal,smooth_nonconvex,512,pde_batch_all5,4.593082936480641,5.6437921011820436,2560,23040,6.960672991975155e-14,False
three_petal,smooth_nonconvex,1024,pde_laplace_dtn,1.9157909555360675,11.27595896832645,1024,10240,2.1805747568566764e-13,False
three_petal,smooth_nonconvex,1024,pde_heat,1.8689170246943831,11.27595896832645,1024,10240,2.3347882234590553e-14,False
three_petal,smooth_nonconvex,1024,pde_poisson,1.8554999260231853,11.27595896832645,1024,10240,2.330766330806144e-14,False
three_petal,smooth_nonconvex,1024,pde_helmholtz,1.8414999358356,11.27595896832645,1024,10240,2.3317520601272852e-14,False
three_petal,smooth_nonconvex,1024,pde_wave,1.863999990746379,11.27595896832645,1024,10240,2.3377741542790605e-14,False
three_petal,smooth_nonconvex,1024,q_bgk4,5.930458079092205,0.0,10240,10240,3.734676987641833e-16,False
three_petal,smooth_nonconvex,1024,pde_batch_all5,9.345707832835615,11.27595896832645,5120,51200,2.1805747568566764e-13,False
three_petal,smooth_nonconvex,2048,pde_laplace_dtn,3.932249965146184,22.64874998945743,2048,22528,5.759220718377654e-13,False
three_petal,smooth_nonconvex,2048,pde_heat,3.906542086042464,22.64874998945743,2048,22528,4.361495888494168e-15,False
three_petal,smooth_nonconvex,2048,pde_poisson,3.879833035171032,22.64874998945743,2048,22528,4.473466952772953e-15,False
three_petal,smooth_nonconvex,2048,pde_helmholtz,3.8980840472504497,22.64874998945743,2048,22528,4.368601439145159e-15,False
three_petal,smooth_nonconvex,2048,pde_wave,3.886040998622775,22.64874998945743,2048,22528,4.303120535208859e-15,False
three_petal,smooth_nonconvex,2048,q_bgk4,11.764999944716692,0.0,22528,22528,2.2408061925850997e-15,False
three_petal,smooth_nonconvex,2048,pde_batch_all5,19.502750132232904,22.64874998945743,10240,112640,5.759220718377654e-13,False
three_petal,smooth_nonconvex,4096,pde_laplace_dtn,8.396417018957436,44.71591697074473,4096,49152,3.575680668091752e-12,False
three_petal,smooth_nonconvex,4096,pde_heat,8.154666051268578,44.71591697074473,4096,49152,5.954635734045134e-14,False
three_petal,smooth_nonconvex,4096,pde_poisson,8.107292000204325,44.71591697074473,4096,49152,5.947206160698825e-14,False
three_petal,smooth_nonconvex,4096,pde_helmholtz,8.110541966743767,44.71591697074473,4096,49152,5.949982945127085e-14,False
three_petal,smooth_nonconvex,4096,pde_wave,8.305624942295253,44.71591697074473,4096,49152,5.963420112697772e-14,False
three_petal,smooth_nonconvex,4096,q_bgk4,23.86387495789677,0.0,49152,49152,9.336692469104582e-16,False
three_petal,smooth_nonconvex,4096,pde_batch_all5,41.07454197946936,44.71591697074473,20480,245760,3.575680668091752e-12,False
four_lobed_wiggle,smooth_multiscale,256,pde_laplace_dtn,0.47745893243700266,4.487458965741098,256,2048,2.77408313144351e-14,False
four_lobed_wiggle,smooth_multiscale,256,pde_heat,0.4455000162124634,4.487458965741098,256,2048,6.535229694528463e-15,False
four_lobed_wiggle,smooth_multiscale,256,pde_poisson,0.4372090334072709,4.487458965741098,256,2048,6.5567993742798864e-15,False
four_lobed_wiggle,smooth_multiscale,256,pde_helmholtz,0.44408300891518593,4.487458965741098,256,2048,6.5746063977243655e-15,False
four_lobed_wiggle,smooth_multiscale,256,pde_wave,0.4407089436426759,4.487458965741098,256,2048,6.517710887362198e-15,False
four_lobed_wiggle,smooth_multiscale,256,q_bgk4,4.077624995261431,0.0,2048,2048,1.408427593075908e-09,False
four_lobed_wiggle,smooth_multiscale,256,pde_batch_all5,2.2449599346145988,4.487458965741098,1280,10240,2.77408313144351e-14,False
four_lobed_wiggle,smooth_multiscale,512,pde_laplace_dtn,0.9269999573007226,8.167208987288177,512,4608,6.917551267313903e-14,False
four_lobed_wiggle,smooth_multiscale,512,pde_heat,0.9047080529853702,8.167208987288177,512,4608,1.2387223989318853e-14,False
four_lobed_wiggle,smooth_multiscale,512,pde_poisson,0.8887919830158353,8.167208987288177,512,4608,1.2282178312589265e-14,False
four_lobed_wiggle,smooth_multiscale,512,pde_helmholtz,0.895833014510572,8.167208987288177,512,4608,1.2378406212799454e-14,False
four_lobed_wiggle,smooth_multiscale,512,pde_wave,0.8988339686766267,8.167208987288177,512,4608,1.2490605523502077e-14,False
four_lobed_wiggle,smooth_multiscale,512,q_bgk4,8.154334034770727,0.0,4608,4608,3.3308398953158042e-15,False
four_lobed_wiggle,smooth_multiscale,512,pde_batch_all5,4.515166976489127,8.167208987288177,2560,23040,6.917551267313903e-14,False
four_lobed_wiggle,smooth_multiscale,1024,pde_laplace_dtn,1.8867920152842999,16.381375025957823,1024,10240,2.160813165005054e-13,False
four_lobed_wiggle,smooth_multiscale,1024,pde_heat,1.8534590490162373,16.381375025957823,1024,10240,2.3347882234590553e-14,False
four_lobed_wiggle,smooth_multiscale,1024,pde_poisson,1.822417019866407,16.381375025957823,1024,10240,2.330766330806144e-14,False
four_lobed_wiggle,smooth_multiscale,1024,pde_helmholtz,1.8364170100539923,16.381375025957823,1024,10240,2.3317520601272852e-14,False
four_lobed_wiggle,smooth_multiscale,1024,pde_wave,1.873166998848319,16.381375025957823,1024,10240,2.3377741542790605e-14,False
four_lobed_wiggle,smooth_multiscale,1024,q_bgk4,16.387165989726782,0.0,10240,10240,8.765368145567906e-16,False
four_lobed_wiggle,smooth_multiscale,1024,pde_batch_all5,9.272252093069255,16.381375025957823,5120,51200,2.160813165005054e-13,False
four_lobed_wiggle,smooth_multiscale,2048,pde_laplace_dtn,3.956875065341592,33.07104203850031,2048,22528,5.698439543253525e-13,False
four_lobed_wiggle,smooth_multiscale,2048,pde_heat,4.059917060658336,33.07104203850031,2048,22528,4.361495888494168e-15,False
four_lobed_wiggle,smooth_multiscale,2048,pde_poisson,3.903500037267804,33.07104203850031,2048,22528,4.473466952772953e-15,False
four_lobed_wiggle,smooth_multiscale,2048,pde_helmholtz,3.8969579618424177,33.07104203850031,2048,22528,4.368601439145159e-15,False
four_lobed_wiggle,smooth_multiscale,2048,pde_wave,3.939665970392525,33.07104203850031,2048,22528,4.303120535208859e-15,False
four_lobed_wiggle,smooth_multiscale,2048,q_bgk4,32.52999996766448,0.0,22528,22528,2.629610443670372e-15,False
four_lobed_wiggle,smooth_multiscale,2048,pde_batch_all5,19.756916095502675,33.07104203850031,10240,112640,5.698439543253525e-13,False
four_lobed_wiggle,smooth_multiscale,4096,pde_laplace_dtn,8.350083022378385,67.20554200001061,4096,49152,3.5761880089473134e-12,False
four_lobed_wiggle,smooth_multiscale,4096,pde_heat,8.305415976792574,67.20554200001061,4096,49152,5.954635734045134e-14,False
four_lobed_wiggle,smooth_multiscale,4096,pde_poisson,8.507375023327768,67.20554200001061,4096,49152,5.947206160698825e-14,False
four_lobed_wiggle,smooth_multiscale,4096,pde_helmholtz,11.698875110596418,67.20554200001061,4096,49152,5.949982945127085e-14,False
four_lobed_wiggle,smooth_multiscale,4096,pde_wave,9.32729197666049,67.20554200001061,4096,49152,5.963420112697772e-14,False
four_lobed_wiggle,smooth_multiscale,4096,q_bgk4,65.66079100593925,0.0,49152,49152,3.5061472582271623e-16,False
four_lobed_wiggle,smooth_multiscale,4096,pde_batch_all5,46.189041109755635,67.20554200001061,20480,245760,3.5761880089473134e-12,False
asymmetric_limaçon,asymmetric,256,pde_laplace_dtn,0.517625012435019,4.558666027151048,256,2048,2.673171544312095e-14,False
asymmetric_limaçon,asymmetric,256,pde_heat,0.4575829952955246,4.558666027151048,256,2048,6.535229694528463e-15,False
asymmetric_limaçon,asymmetric,256,pde_poisson,0.444167060777545,4.558666027151048,256,2048,6.5567993742798864e-15,False
asymmetric_limaçon,asymmetric,256,pde_helmholtz,0.5092499777674675,4.558666027151048,256,2048,6.5746063977243655e-15,False
asymmetric_limaçon,asymmetric,256,pde_wave,0.4726659972220659,4.558666027151048,256,2048,6.517710887362198e-15,False
asymmetric_limaçon,asymmetric,256,q_bgk4,1.8923330353572965,0.0,2048,2048,1.209124260875689e-13,False
asymmetric_limaçon,asymmetric,256,pde_batch_all5,2.401291043497622,4.558666027151048,1280,10240,2.673171544312095e-14,False
asymmetric_limaçon,asymmetric,512,pde_laplace_dtn,1.024249941110611,8.23458400554955,512,4608,6.941562128580896e-14,False
asymmetric_limaçon,asymmetric,512,pde_heat,0.9677920024842024,8.23458400554955,512,4608,1.2387223989318853e-14,False
asymmetric_limaçon,asymmetric,512,pde_poisson,0.9455829858779907,8.23458400554955,512,4608,1.2282178312589265e-14,False
asymmetric_limaçon,asymmetric,512,pde_helmholtz,0.9411249775439501,8.23458400554955,512,4608,1.2378406212799454e-14,False
asymmetric_limaçon,asymmetric,512,pde_wave,1.0006249649450183,8.23458400554955,512,4608,1.2490605523502077e-14,False
asymmetric_limaçon,asymmetric,512,q_bgk4,3.795791999436915,0.0,4608,4608,1.1881810000060176e-13,False
asymmetric_limaçon,asymmetric,512,pde_batch_all5,4.879374871961772,8.23458400554955,2560,23040,6.941562128580896e-14,False
asymmetric_limaçon,asymmetric,1024,pde_laplace_dtn,1.9605839625000954,17.038417048752308,1024,10240,2.1911191630633652e-13,False
asymmetric_limaçon,asymmetric,1024,pde_heat,1.9054170697927475,17.038417048752308,1024,10240,2.3347882234590553e-14,False
asymmetric_limaçon,asymmetric,1024,pde_poisson,1.8691669683903456,17.038417048752308,1024,10240,2.330766330806144e-14,False
asymmetric_limaçon,asymmetric,1024,pde_helmholtz,1.8809159519150853,17.038417048752308,1024,10240,2.3317520601272852e-14,False
asymmetric_limaçon,asymmetric,1024,pde_wave,1.9011669792234898,17.038417048752308,1024,10240,2.3377741542790605e-14,False
asymmetric_limaçon,asymmetric,1024,q_bgk4,7.389250095002353,0.0,10240,10240,1.0834646956576612e-13,False
asymmetric_limaçon,asymmetric,1024,pde_batch_all5,9.517250931821764,17.038417048752308,5120,51200,2.1911191630633652e-13,False
asymmetric_limaçon,asymmetric,2048,pde_laplace_dtn,4.038749961182475,37.43970801588148,2048,22528,5.750720342743176e-13,False
asymmetric_limaçon,asymmetric,2048,pde_heat,4.034499987028539,37.43970801588148,2048,22528,4.361495888494168e-15,False
asymmetric_limaçon,asymmetric,2048,pde_poisson,3.9022089913487434,37.43970801588148,2048,22528,4.473466952772953e-15,False
asymmetric_limaçon,asymmetric,2048,pde_helmholtz,3.882124903611839,37.43970801588148,2048,22528,4.368601439145159e-15,False
asymmetric_limaçon,asymmetric,2048,pde_wave,3.929041908122599,37.43970801588148,2048,22528,4.303120535208859e-15,False
asymmetric_limaçon,asymmetric,2048,q_bgk4,14.821334043517709,0.0,22528,22528,1.1602566521797893e-13,False
asymmetric_limaçon,asymmetric,2048,pde_batch_all5,19.786625751294196,37.43970801588148,10240,112640,5.750720342743176e-13,False
asymmetric_limaçon,asymmetric,4096,pde_laplace_dtn,8.427542052231729,65.76300004962832,4096,49152,3.5721784573281422e-12,False
asymmetric_limaçon,asymmetric,4096,pde_heat,8.148750057443976,65.76300004962832,4096,49152,5.954635734045134e-14,False
asymmetric_limaçon,asymmetric,4096,pde_poisson,8.139292011037469,65.76300004962832,4096,49152,5.947206160698825e-14,False
asymmetric_limaçon,asymmetric,4096,pde_helmholtz,8.172707981429994,65.76300004962832,4096,49152,5.949982945127085e-14,False
asymmetric_limaçon,asymmetric,4096,pde_wave,8.249584003351629,65.76300004962832,4096,49152,5.963420112697772e-14,False
asymmetric_limaçon,asymmetric,4096,q_bgk4,29.37641693279147,0.0,49152,49152,2.6290773478394023e-13,False
asymmetric_limaçon,asymmetric,4096,pde_batch_all5,41.1378761054948,65.76300004962832,20480,245760,3.5721784573281422e-12,False
crescent_teardrop,near_cusp_smooth,256,pde_laplace_dtn,0.47962507233023643,4.256875021383166,256,2048,2.8137574566408036e-14,False
crescent_teardrop,near_cusp_smooth,256,pde_heat,0.4504160024225712,4.256875021383166,256,2048,6.535229694528463e-15,False
crescent_teardrop,near_cusp_smooth,256,pde_poisson,0.4372919211164117,4.256875021383166,256,2048,6.5567993742798864e-15,False
crescent_teardrop,near_cusp_smooth,256,pde_helmholtz,0.4426670493558049,4.256875021383166,256,2048,6.5746063977243655e-15,False
crescent_teardrop,near_cusp_smooth,256,pde_wave,0.44216704554855824,4.256875021383166,256,2048,6.517710887362198e-15,False
crescent_teardrop,near_cusp_smooth,256,q_bgk4,1.7911250470206141,0.0,2048,2048,4.237696642115279e-15,False
crescent_teardrop,near_cusp_smooth,256,pde_batch_all5,2.2521670907735825,4.256875021383166,1280,10240,2.8137574566408036e-14,False
crescent_teardrop,near_cusp_smooth,512,pde_laplace_dtn,0.9402499999850988,8.241834002546966,512,4608,6.975962595035396e-14,False
crescent_teardrop,near_cusp_smooth,512,pde_heat,0.9007499320432544,8.241834002546966,512,4608,1.2387223989318853e-14,False
crescent_teardrop,near_cusp_smooth,512,pde_poisson,0.8944999426603317,8.241834002546966,512,4608,1.2282178312589265e-14,False
crescent_teardrop,near_cusp_smooth,512,pde_helmholtz,0.8906670846045017,8.241834002546966,512,4608,1.2378406212799454e-14,False
crescent_teardrop,near_cusp_smooth,512,pde_wave,0.9192080469802022,8.241834002546966,512,4608,1.2490605523502077e-14,False
crescent_teardrop,near_cusp_smooth,512,q_bgk4,3.655708977021277,0.0,4608,4608,4.0450740674736754e-15,False
crescent_teardrop,near_cusp_smooth,512,pde_batch_all5,4.545375006273389,8.241834002546966,2560,23040,6.975962595035396e-14,False
crescent_teardrop,near_cusp_smooth,1024,pde_laplace_dtn,1.9021669868379831,16.285874997265637,1024,10240,2.192320430304483e-13,False
crescent_teardrop,near_cusp_smooth,1024,pde_heat,1.8627919489517808,16.285874997265637,1024,10240,2.3347882234590553e-14,False
crescent_teardrop,near_cusp_smooth,1024,pde_poisson,1.826833002269268,16.285874997265637,1024,10240,2.330766330806144e-14,False
crescent_teardrop,near_cusp_smooth,1024,pde_helmholtz,1.839083037339151,16.285874997265637,1024,10240,2.3317520601272852e-14,False
crescent_teardrop,near_cusp_smooth,1024,pde_wave,1.8662919756025076,16.285874997265637,1024,10240,2.3377741542790605e-14,False
crescent_teardrop,near_cusp_smooth,1024,q_bgk4,7.229874958284199,0.0,10240,10240,4.622941791398486e-15,False
crescent_teardrop,near_cusp_smooth,1024,pde_batch_all5,9.29716695100069,16.285874997265637,5120,51200,2.192320430304483e-13,False
crescent_teardrop,near_cusp_smooth,2048,pde_laplace_dtn,3.916083020158112,32.88320801220834,2048,22528,5.744619248322913e-13,False
crescent_teardrop,near_cusp_smooth,2048,pde_heat,3.8635419914498925,32.88320801220834,2048,22528,4.361495888494168e-15,False
crescent_teardrop,near_cusp_smooth,2048,pde_poisson,3.8186669116839767,32.88320801220834,2048,22528,4.473466952772953e-15,False
crescent_teardrop,near_cusp_smooth,2048,pde_helmholtz,3.968707984313369,32.88320801220834,2048,22528,4.368601439145159e-15,False
crescent_teardrop,near_cusp_smooth,2048,pde_wave,3.8947080029174685,32.88320801220834,2048,22528,4.303120535208859e-15,False
crescent_teardrop,near_cusp_smooth,2048,q_bgk4,14.492707909084857,0.0,22528,22528,4.237696642115279e-15,False
crescent_teardrop,near_cusp_smooth,2048,pde_batch_all5,19.46170791052282,32.88320801220834,10240,112640,5.744619248322913e-13,False
crescent_teardrop,near_cusp_smooth,4096,pde_laplace_dtn,8.246999932453036,66.3729589432478,4096,49152,3.567323291979936e-12,False
crescent_teardrop,near_cusp_smooth,4096,pde_heat,8.112958981655538,66.3729589432478,4096,49152,5.954635734045134e-14,False
crescent_teardrop,near_cusp_smooth,4096,pde_poisson,8.038500091060996,66.3729589432478,4096,49152,5.947206160698825e-14,False
crescent_teardrop,near_cusp_smooth,4096,pde_helmholtz,8.126250002533197,66.3729589432478,4096,49152,5.949982945127085e-14,False
crescent_teardrop,near_cusp_smooth,4096,pde_wave,8.349374984391034,66.3729589432478,4096,49152,5.963420112697772e-14,False
crescent_teardrop,near_cusp_smooth,4096,q_bgk4,29.416374978609383,0.0,49152,49152,4.622941791398486e-15,False
crescent_teardrop,near_cusp_smooth,4096,pde_batch_all5,40.8740839920938,66.3729589432478,20480,245760,3.567323291979936e-12,False
peanut,pinched_smooth,256,pde_laplace_dtn,0.48591603990644217,4.38233301974833,256,2048,2.7943751039871307e-14,False
peanut,pinched_smooth,256,pde_heat,0.4463749937713146,4.38233301974833,256,2048,6.535229694528463e-15,False
peanut,pinched_smooth,256,pde_poisson,0.45662501361221075,4.38233301974833,256,2048,6.5567993742798864e-15,False
peanut,pinched_smooth,256,pde_helmholtz,0.45262498315423727,4.38233301974833,256,2048,6.5746063977243655e-15,False
peanut,pinched_smooth,256,pde_wave,0.4457499599084258,4.38233301974833,256,2048,6.517710887362198e-15,False
peanut,pinched_smooth,256,q_bgk4,2.134582959115505,0.0,2048,2048,1.8410575872631964e-13,False
peanut,pinched_smooth,256,pde_batch_all5,2.2872909903526306,4.38233301974833,1280,10240,2.7943751039871307e-14,False
peanut,pinched_smooth,512,pde_laplace_dtn,0.9206660324707627,8.24070896487683,512,4608,7.028359082982138e-14,False
peanut,pinched_smooth,512,pde_heat,0.91608299408108,8.24070896487683,512,4608,1.2387223989318853e-14,False
peanut,pinched_smooth,512,pde_poisson,0.8902079425752163,8.24070896487683,512,4608,1.2282178312589265e-14,False
peanut,pinched_smooth,512,pde_helmholtz,0.8963330183178186,8.24070896487683,512,4608,1.2378406212799454e-14,False
peanut,pinched_smooth,512,pde_wave,0.9131670230999589,8.24070896487683,512,4608,1.2490605523502077e-14,False
peanut,pinched_smooth,512,q_bgk4,4.294250044040382,0.0,4608,4608,1.631974065538946e-13,False
peanut,pinched_smooth,512,pde_batch_all5,4.5364570105448365,8.24070896487683,2560,23040,7.028359082982138e-14,False
peanut,pinched_smooth,1024,pde_laplace_dtn,1.9021669868379831,16.53570798225701,1024,10240,2.1910119550928612e-13,False
peanut,pinched_smooth,1024,pde_heat,1.8719159997999668,16.53570798225701,1024,10240,2.3347882234590553e-14,False
peanut,pinched_smooth,1024,pde_poisson,1.8370000179857016,16.53570798225701,1024,10240,2.330766330806144e-14,False
peanut,pinched_smooth,1024,pde_helmholtz,1.905416022054851,16.53570798225701,1024,10240,2.3317520601272852e-14,False
peanut,pinched_smooth,1024,pde_wave,1.8998340237885714,16.53570798225701,1024,10240,2.3377741542790605e-14,False
peanut,pinched_smooth,1024,q_bgk4,8.592040976509452,0.0,10240,10240,1.6923136053654076e-13,False
peanut,pinched_smooth,1024,pde_batch_all5,9.416333050467074,16.53570798225701,5120,51200,2.1910119550928612e-13,False
peanut,pinched_smooth,2048,pde_laplace_dtn,3.9719169726595283,32.854874967597425,2048,22528,5.819984587267707e-13,False
peanut,pinched_smooth,2048,pde_heat,3.921917057596147,32.854874967597425,2048,22528,4.361495888494168e-15,False
peanut,pinched_smooth,2048,pde_poisson,3.856416908092797,32.854874967597425,2048,22528,4.473466952772953e-15,False
peanut,pinched_smooth,2048,pde_helmholtz,3.8749169325456023,32.854874967597425,2048,22528,4.368601439145159e-15,False
peanut,pinched_smooth,2048,pde_wave,3.909874940291047,32.854874967597425,2048,22528,4.303120535208859e-15,False
peanut,pinched_smooth,2048,q_bgk4,17.244250047951937,0.0,22528,22528,2.1455617766199902e-13,False
peanut,pinched_smooth,2048,pde_batch_all5,19.53504281118512,32.854874967597425,10240,112640,5.819984587267707e-13,False
peanut,pinched_smooth,4096,pde_laplace_dtn,8.204291923902929,65.93608297407627,4096,49152,3.619878158220882e-12,False
peanut,pinched_smooth,4096,pde_heat,8.230166975408792,65.93608297407627,4096,49152,5.954635734045134e-14,False
peanut,pinched_smooth,4096,pde_poisson,8.062458015047014,65.93608297407627,4096,49152,5.947206160698825e-14,False
peanut,pinched_smooth,4096,pde_helmholtz,8.1356669543311,65.93608297407627,4096,49152,5.949982945127085e-14,False
peanut,pinched_smooth,4096,pde_wave,8.163457969203591,65.93608297407627,4096,49152,5.963420112697772e-14,False
peanut,pinched_smooth,4096,q_bgk4,34.55924999434501,0.0,49152,49152,1.7694920865387886e-13,False
peanut,pinched_smooth,4096,pde_batch_all5,40.796041837893426,65.93608297407627,20480,245760,3.619878158220882e-12,False
high_frequency_gear,smooth_high_frequency,256,pde_laplace_dtn,0.4782499745488167,4.329084069468081,256,2048,2.735698808032742e-14,False
high_frequency_gear,smooth_high_frequency,256,pde_heat,0.4452499561011791,4.329084069468081,256,2048,6.535229694528463e-15,False
high_frequency_gear,smooth_high_frequency,256,pde_poisson,0.4362500039860606,4.329084069468081,256,2048,6.5567993742798864e-15,False
high_frequency_gear,smooth_high_frequency,256,pde_helmholtz,0.44420792255550623,4.329084069468081,256,2048,6.5746063977243655e-15,False
high_frequency_gear,smooth_high_frequency,256,pde_wave,0.44429104309529066,4.329084069468081,256,2048,6.517710887362198e-15,False
high_frequency_gear,smooth_high_frequency,256,q_bgk4,5.032707937061787,0.0,2048,2048,4.030188403610736e-09,False
high_frequency_gear,smooth_high_frequency,256,pde_batch_all5,2.2482489002868533,4.329084069468081,1280,10240,2.735698808032742e-14,False
high_frequency_gear,smooth_high_frequency,512,pde_laplace_dtn,0.9366249432787299,8.206999977119267,512,4608,6.990163350667021e-14,False
high_frequency_gear,smooth_high_frequency,512,pde_heat,0.9049170184880495,8.206999977119267,512,4608,1.2387223989318853e-14,False
high_frequency_gear,smooth_high_frequency,512,pde_poisson,0.8902499685063958,8.206999977119267,512,4608,1.2282178312589265e-14,False
high_frequency_gear,smooth_high_frequency,512,pde_helmholtz,0.901999999769032,8.206999977119267,512,4608,1.2378406212799454e-14,False
high_frequency_gear,smooth_high_frequency,512,pde_wave,0.9011250222101808,8.206999977119267,512,4608,1.2490605523502077e-14,False
high_frequency_gear,smooth_high_frequency,512,q_bgk4,10.07945800665766,0.0,4608,4608,3.2022219695529037e-13,False
high_frequency_gear,smooth_high_frequency,512,pde_batch_all5,4.534916952252388,8.206999977119267,2560,23040,6.990163350667021e-14,False
high_frequency_gear,smooth_high_frequency,1024,pde_laplace_dtn,1.8839170224964619,16.389583004638553,1024,10240,2.1941309619863608e-13,False
high_frequency_gear,smooth_high_frequency,1024,pde_heat,1.8660000059753656,16.389583004638553,1024,10240,2.3347882234590553e-14,False
high_frequency_gear,smooth_high_frequency,1024,pde_poisson,1.8394580110907555,16.389583004638553,1024,10240,2.330766330806144e-14,False
high_frequency_gear,smooth_high_frequency,1024,pde_helmholtz,1.8724999390542507,16.389583004638553,1024,10240,2.3317520601272852e-14,False
high_frequency_gear,smooth_high_frequency,1024,pde_wave,1.8695410108193755,16.389583004638553,1024,10240,2.3377741542790605e-14,False
high_frequency_gear,smooth_high_frequency,1024,q_bgk4,20.101292058825493,0.0,10240,10240,1.8290945562521686e-14,False
high_frequency_gear,smooth_high_frequency,1024,pde_batch_all5,9.33141598943621,16.389583004638553,5120,51200,2.1941309619863608e-13,False
high_frequency_gear,smooth_high_frequency,2048,pde_laplace_dtn,4.042166983708739,33.41804095543921,2048,22528,5.761546766975248e-13,False
high_frequency_gear,smooth_high_frequency,2048,pde_heat,4.0477910079061985,33.41804095543921,2048,22528,4.361495888494168e-15,False
high_frequency_gear,smooth_high_frequency,2048,pde_poisson,3.899457980878651,33.41804095543921,2048,22528,4.473466952772953e-15,False
high_frequency_gear,smooth_high_frequency,2048,pde_helmholtz,3.9046660531312227,33.41804095543921,2048,22528,4.368601439145159e-15,False
high_frequency_gear,smooth_high_frequency,2048,pde_wave,4.032833036035299,33.41804095543921,2048,22528,4.303120535208859e-15,False
high_frequency_gear,smooth_high_frequency,2048,q_bgk4,40.530874975956976,0.0,22528,22528,1.5939252561626043e-14,False
high_frequency_gear,smooth_high_frequency,2048,pde_batch_all5,19.92691506166011,33.41804095543921,10240,112640,5.761546766975248e-13,False
high_frequency_gear,smooth_high_frequency,4096,pde_laplace_dtn,8.38300003670156,66.16466701962054,4096,49152,3.5757985697861806e-12,False
high_frequency_gear,smooth_high_frequency,4096,pde_heat,8.414041018113494,66.16466701962054,4096,49152,5.954635734045134e-14,False
high_frequency_gear,smooth_high_frequency,4096,pde_poisson,8.263957919552922,66.16466701962054,4096,49152,5.947206160698825e-14,False
high_frequency_gear,smooth_high_frequency,4096,pde_helmholtz,8.351500029675663,66.16466701962054,4096,49152,5.949982945127085e-14,False
high_frequency_gear,smooth_high_frequency,4096,pde_wave,8.40183300897479,66.16466701962054,4096,49152,5.963420112697772e-14,False
high_frequency_gear,smooth_high_frequency,4096,q_bgk4,82.5148340081796,0.0,49152,49152,2.1426536230382547e-14,False
high_frequency_gear,smooth_high_frequency,4096,pde_batch_all5,41.81433201301843,66.16466701962054,20480,245760,3.5757985697861806e-12,False
rotated_mixed,complex_coefficients,256,pde_laplace_dtn,0.5164999747648835,5.8880000142380595,256,2048,2.7858968801836487e-14,False
rotated_mixed,complex_coefficients,256,pde_heat,0.46379200648516417,5.8880000142380595,256,2048,6.535229694528463e-15,False
rotated_mixed,complex_coefficients,256,pde_poisson,0.4539169603958726,5.8880000142380595,256,2048,6.5567993742798864e-15,False
rotated_mixed,complex_coefficients,256,pde_helmholtz,0.45020796824246645,5.8880000142380595,256,2048,6.5746063977243655e-15,False
rotated_mixed,complex_coefficients,256,pde_wave,0.4541249945759773,5.8880000142380595,256,2048,6.517710887362198e-15,False
rotated_mixed,complex_coefficients,256,q_bgk4,3.837957978248596,0.0,2048,2048,1.2833129541113743e-14,False
rotated_mixed,complex_coefficients,256,pde_batch_all5,2.338541904464364,5.8880000142380595,1280,10240,2.7858968801836487e-14,False
rotated_mixed,complex_coefficients,512,pde_laplace_dtn,0.9612920694053173,10.885958094149828,512,4608,6.916561103515723e-14,False
rotated_mixed,complex_coefficients,512,pde_heat,0.90487499255687,10.885958094149828,512,4608,1.2387223989318853e-14,False
rotated_mixed,complex_coefficients,512,pde_poisson,0.8912080666050315,10.885958094149828,512,4608,1.2282178312589265e-14,False
rotated_mixed,complex_coefficients,512,pde_helmholtz,0.9046250488609076,10.885958094149828,512,4608,1.2378406212799454e-14,False
rotated_mixed,complex_coefficients,512,pde_wave,0.9116670116782188,10.885958094149828,512,4608,1.2490605523502077e-14,False
rotated_mixed,complex_coefficients,512,q_bgk4,7.816458004526794,0.0,4608,4608,1.3260900525817534e-14,False
rotated_mixed,complex_coefficients,512,pde_batch_all5,4.573667189106345,10.885958094149828,2560,23040,6.916561103515723e-14,False
rotated_mixed,complex_coefficients,1024,pde_laplace_dtn,1.9349170615896583,21.64079202339053,1024,10240,2.2005347992226033e-13,False
rotated_mixed,complex_coefficients,1024,pde_heat,1.8649579724296927,21.64079202339053,1024,10240,2.3347882234590553e-14,False
rotated_mixed,complex_coefficients,1024,pde_poisson,1.9236659863963723,21.64079202339053,1024,10240,2.330766330806144e-14,False
rotated_mixed,complex_coefficients,1024,pde_helmholtz,1.902832998894155,21.64079202339053,1024,10240,2.3317520601272852e-14,False
rotated_mixed,complex_coefficients,1024,pde_wave,1.9091250142082572,21.64079202339053,1024,10240,2.3377741542790605e-14,False
rotated_mixed,complex_coefficients,1024,q_bgk4,15.387082938104868,0.0,10240,10240,1.3688671510521326e-14,False
rotated_mixed,complex_coefficients,1024,pde_batch_all5,9.535499033518136,21.64079202339053,5120,51200,2.2005347992226033e-13,False
rotated_mixed,complex_coefficients,2048,pde_laplace_dtn,4.1082079987972975,48.5671249916777,2048,22528,5.801419389654366e-13,False
rotated_mixed,complex_coefficients,2048,pde_heat,3.8968329317867756,48.5671249916777,2048,22528,4.361495888494168e-15,False
rotated_mixed,complex_coefficients,2048,pde_poisson,3.896165988408029,48.5671249916777,2048,22528,4.473466952772953e-15,False
rotated_mixed,complex_coefficients,2048,pde_helmholtz,3.9232909912243485,48.5671249916777,2048,22528,4.368601439145159e-15,False
rotated_mixed,complex_coefficients,2048,pde_wave,3.8935838965699077,48.5671249916777,2048,22528,4.303120535208859e-15,False
rotated_mixed,complex_coefficients,2048,q_bgk4,30.62824998050928,0.0,22528,22528,1.3047015033465638e-14,False
rotated_mixed,complex_coefficients,2048,pde_batch_all5,19.71808180678636,48.5671249916777,10240,112640,5.801419389654366e-13,False
rotated_mixed,complex_coefficients,4096,pde_laplace_dtn,8.198708994314075,85.24566702544689,4096,49152,3.6086745042959944e-12,False
rotated_mixed,complex_coefficients,4096,pde_heat,8.135915966704488,85.24566702544689,4096,49152,5.954635734045134e-14,False
rotated_mixed,complex_coefficients,4096,pde_poisson,8.292124955914915,85.24566702544689,4096,49152,5.947206160698825e-14,False
rotated_mixed,complex_coefficients,4096,pde_helmholtz,8.185832994058728,85.24566702544689,4096,49152,5.949982945127085e-14,False
rotated_mixed,complex_coefficients,4096,pde_wave,8.199666975997388,85.24566702544689,4096,49152,5.963420112697772e-14,False
rotated_mixed,complex_coefficients,4096,q_bgk4,61.80083402432501,0.0,49152,49152,1.3260900525817534e-14,False
rotated_mixed,complex_coefficients,4096,pde_batch_all5,41.01224988698959,85.24566702544689,20480,245760,3.6086745042959944e-12,False
